Nationality ,FIFA Ranking ,National Team Kit Sponsor,Position,National Team Jersey Number,Player DOB,Club ,Player Name , Appearances,Goals Scored ,Assists Provided ,Dribbles per 90,Interceptions per 90,Tackles per 90,Total Duels Won per 90,Save Percentage,Clean Sheets,Brand Sponsor/Brand Used
Argentina,2,Adidas,GK,23,"Sep 2, 1992",Aston Villa,Emiliano Martinez,7,0,0,0.00,0.00,0.00,0.65,46.67%,43%,Adidas
Argentina,2,Adidas,GK,1,"Oct 16, 1986",River,Franco Armani,0,-,-,-,-,-,-,-,-,Nike
Argentina,2,Adidas,GK,12,"May 20, 1992",Villarreal,Geronimo Rulli,0,-,-,-,-,-,-,-,-,Adidas
Argentina,2,Adidas,DF,19,"Feb 12, 1988",Benfica,Nicolas Otamendi,7,0,1,0.33,1.17,1.30,7.17,-,-,Nike
Argentina,2,Adidas,DF,8,"Oct 28, 1991",Sevilla,Marcos Acuna,6,0,0,1.45,0.48,2.90,7.97,-,-,Nike
Argentina,2,Adidas,DF,3,"Aug 31, 1992",Lyon,Nicolas Tagliafico,6,0,0,0.48,2.17,1.69,5.07,-,-,Nike
Argentina,2,Adidas,DF,6,"Jun 27, 1991",Real Betis,German Pezzella,3,0,0,0.00,0.00,0.00,3.16,-,-,Nike
Argentina,2,Adidas,DF,26,"Apr 6, 1998",Atletico Madrid,Nahuel Molina,7,1,1,0.32,0.47,1.42,1.58,-,-,Nike
Argentina,2,Adidas,DF,4,"Jan 1, 1997",Sevilla,Gonzalo Montiel,4,0,0,0.77,0.77,2.31,5.39,-,-,NIke
Argentina,2,Adidas,DF,2,"Jan 12, 1998",Villarreal,Juan Foyth,1,0,0,N.A,0.00,0.00,N.A,-,-,Adidas
Argentina,2,Adidas,DF,13,"Apr 27, 1998",Tottenham,Cristian Romero,7,0,0,0.16,0.49,0.82,5.09,-,-,Nike
Argentina,2,Adidas,DF,25,"Jan 18, 1998",Manchester United,Lisandro Martinez,5,0,0,0.30,0.90,1.50,4.19,-,-,Adidas
Argentina,2,Adidas,MF,5,"Jun 29, 1994",Juventus,Leandro Paredes,5,0,0,0.40,1.21,4.02,9.24,-,-,Nike
Argentina,2,Adidas,MF,7,"May 24, 1994",Atletico Madrid,Rodrigo De Paul,7,0,0,0.60,1.05,1.79,4.64,-,-,Adidas
Argentina,2,Adidas,MF,18,"Apr 12, 1994",Real Betis,Guido Rodriguez,1,0,0,0.00,0.00,3.16,6.32,-,-,Adidas
Argentina,2,Adidas,MF,14,"Oct 5, 1998",Bayer Leverkusen,Exequiel Palacios,3,0,0,0.00,3.83,1.91,7.66,-,-,Adidas
Argentina,2,Adidas,MF,20,"Dec 24, 1998",Brighton,Alexis Mac Allister,6,1,1,0.97,0.49,1.46,5.85,-,-,Adidas
Argentina,2,Adidas,MF,24,"Jan 17, 2001",Benfica,Enzo Fernandez,7,1,1,0.80,0.48,3.52,7.83,,-,Nike
Argentina,2,Adidas,MF,17,"Apr 26, 2001",Atlanta United,Alejandro Gomez,2,0,0,0.83,0.83,1.65,8.26,-,-,Adidas
Argentina,2,Adidas,FW,10,"Jun 24, 1987",PSG,Lionel Messi üêê,7,7,3,3.78,0.00,0.65,6.39,-,-,Adidas
Argentina,2,Adidas,FW,22,"Aug 22, 1997",Inter,Lautaro Martinez,6,0,0,1.89,0.38,0.00,6.81,-,-,Nike
Argentina,2,Adidas,FW,21,"Nov 15, 1993",Roma,Paulo Dybala,2,0,0,5.62,0.00,N.A,N.A,-,-,Adidas
Argentina,2,Adidas,FW,16,"April 26, 2001",Inter,Thiago Almada,1,0,0,0.00,0.00,0.00,0.00,-,-,Adidas
Argentina,2,Adidas,FW,9,"Jan 31, 2000",Manchester City,Julian Alvarez,7,4,0,0.58,0.00,0.77,1.93,,-,Adidas
Argentina,2,Adidas,FW,11,"Feb 14, 1988",Juventus,Angel Di Maria,5,1,1,6.83,0.31,0.93,7.14,-,-,Adidas
Argentina,2,Adidas,FW,15,"March 9, 1995",Atletico Madrid,Angel Correa,1,0,0,0.00,0.00,N.A,N.A,-,-,Nike
France,3,Nike,GK,1,"Dec 26, 1986",Tottenham,Hugo Lloris,6,-,-,-,-,-,1.10,70.83%,17%,Nike
France,3,Nike,GK,23,"Feb 27, 1993",West Ham United,Alphonse Areola,-,-,-,-,-,-,-,-,-,Nike
France,3,Nike,GK,16,"Mar 28, 1985",Rennes,Steve Mandanda,1,-,-,-,-,-,0.00,66.67%,0%,Puma
France,3,Nike,DF,2,"Mar 28, 1996",Bayern Munich,Benjamin Pavard,1,0,0,0.00,1.01,0.00,0.00,-,-,Adidas
France,3,Nike,DF,5,"Nov 12, 1998",Barcelona,Jules Kounde,6,0,0,0.56,1.12,2.06,4.87,-,-,Adidas
France,3,Nike,DF,4,"Apr 25, 1993",Man Utd,Raphael Varane,6,0,0,0.17,1.04,0.17,1.90,-,-,Puma
France,3,Nike,DF,3,"Mar 11, 1998",PSG,Axel Disasi,3,0,0,2.00,2.00,4.00,14.00,-,-,Nike
France,3,Nike,DF,17,"Mar 24, 2001",Arsenal,William Saliba,1,0,0,3.33,0.00,0.00,6.67,-,-,Nike
France,3,Nike,DF,22,"Oct 6, 1994",AC Milan,Theo Hernandez,6,1,2,0.35,0.71,2.83,8.68,-,-,Nike
France,3,Nke,DF,21,"Feb 14, 1996",Bayern Munich,Lucas Hernandez,1,0,0,0.00,0.00,6.92,6.92,-,-,NIke
France,3,Nike,DF,24,"May 25, 1999",Liverpool,Ibrahima Konate,5,0,0,0.00,2.16,4.62,8.94,-,-,Nike 
France,3,Nike,DF,18,"Oct 27, 1998",Bayern Munich,Dayot Upamecano,5,0,0,0.00,1.12,2.06,5.25,-,-,Nike
France,3,Nike,MF,14,"Apr 3, 1995",Juventus,Adrien Rabiot,6,1,1,0.75,1.86,2.24,8.95,-,-,Nike
France,3,Nike,MF,8,"Jan 27, 2000",Real Madrid,Aurelien Tchouam√©ni,7,1,0,0.72,2.02,1.59,4.91,-,-,Nike
France,3,Nike,MF,19,"Jan 10, 1999",Monaco,Youssouf Fofana,6,0,0,0.80,1.21,3.21,5.22,-,-,Adidas
France,3,Nike,MF,6,"Apr 14, 1999",Marseille,Matteo Guendouzi,1,0,0,0.00,0.00,1.14,4.56,-,-,Adidas
France,3,Nike,MF,15,"Mar 1, 1999",Marseille,Jordan Veretout,1,0,0,0.00,0.00,2.86,2.86,-,-,Adidas
France,3,Nike,MF,25,"Nov 10, 2002",Real Madrid,Eduardo Camavinga,2,0,0,1.94,1.94,9.06,17.48,-,-,Nike
France,3,Nike,FW,20,"Jun 13, 1996",Bayern Munich,Kingsley Coman,6,0,0,4.91,1.64,1.64,8.73,-,-,Puma
France,3,Nike,FW,10,"Dec 20, 1998",PSG,Kylian Mbappe,7,8,2,7.24,0.00,0.00,5.12,-,-,Nike
France,3,Nike,FW,9,"Sept 30, 1986",AC Milan,Olivier Giroud,6,4,0,0.00,0.21,0.21,9.12,-,-,Puma
France,3,Nike,FW,7,"Mar 21, 1991",Atletico Madrid,Antoine Griezmann,7,0,3,1.51,1.34,2.34,6.19,-,-,Puma
France,3,Nike,FW,11,"May 15, 1997",Barcelona,Ousmane Dembele,7,0,2,3.90,0.62,2.47,5.75,-,-,Nike
France,3,Nike,FW,12,"Dec 5, 1998",Eintracht Frankfurt,Randal Kolo Muani,3,1,0,3.50,0.50,3.50,16.50,-,-,Nike
France,3,Nike,FW,26,"Aug 6, 1997",Borussia Monchengladbach,Marcus Thuram,5,1,2,5.55,0.00,1.85,18.49,-,-,Nike
Croatia,7,Nike,GK,1,"Jan 9, 1995",Dinamo Zagreb,Dominik Livakovic,7,-,-,-,-,-,0.26,78.12%,28%,Adidas
Croatia,7,Nike,GK,23,"Feb 1, 1995",Osijek,Ivica Ivusic,-,-,-,-,-,-,-,-,-,Nike
Croatia,7,Nike,GK,12,"Jan 18, 1996",Atletico Madrid,Ivo Grbic,-,-,-,-,-,-,-,-,-,Nike
Croatia,7,Nike,DF,21,"Apr 29, 1989",AEK Athens,Domagoj Vida,N.A,N.A,N.A,N.A,N.A,N.A,N.A,-,-,Nike
Croatia,7,Nike,DF,6,"Jul 5, 1989",Zenit,Dejan Lovren,6,0,1,0.00,1.38,0.90,6.34,-,-,Puma
Croatia,7,Nike,DF,3,"Nov 10, 1992",Rangers,Borna Barisic,1,0,0,0.00,0.00,0.75,11.25,-,-,Nike
Croatia,7,Nike,DF,22,"Aug 16, 1995",Celtic,Josip Juranovic,6,0,1,0.30,0.30,1.80,3.15,-,-,Adidas
Croatia,7,Nike,DF,19,"Jan 21, 1998",Stuttgart,Borna Sosa,5,0,0,0.85,0.42,2.96,5.50,-,-,Adidas
Croatia,7,Nike,DF,20,"Jan 23, 2002",RB Leipzig,Josko Gvardiol,7,1,0,0.13,1.57,1.30,3.00,-,-,Adidas
Croatia,7,Nike,DF,2,"Apr 2, 2000",Bayern Munich,Josip Stanisic,1,0,0,0.00,1.00,3.00,7.00,-,-,Adidas
Croatia,7,Nike,DF,5,"Jan 24, 1998",Sassuolo,Martin Erlic,N.A,N.A,N.A,N.A,N.A,N.A,N.A,-,-,Nike
Croatia,7,Nike,DF,24,"Feb 28, 2000",Dinamo Zagreb,Josip Sutalo,1,0,0,0.00,0.00,0.00,0.00,-,-,Adidas
Croatia,7,Nike,MF,10,"Sep 9, 1985",Real Madrid,Luka Modric,7,0,0,1.37,1.23,2.06,5.35,-,-,Nike
Croatia,7,Nike,MF,8,"May 6, 1994",Chelsea,Mateo Kovacic,7,0,0,2.39,0.56,3.38,7.31,-,-,Nike
Croatia,7,Nike,MF,11,"Nov 16, 1992",Inter,Marcelo Brozovic,6,0,0,0.97,0.65,2.11,6.01,-,-,Nike
Croatia,7,Nike,MF,15,"Feb 9, 1995",Atalanta,Mario Pasalic,7,0,0,1.35,1.01,2.36,7.08,-,-,Adidas
Croatia,7,Nike,MF,13,"Oct 4, 1997",Torino,Nikola Vlasic,6,0,0,2.18,0.44,0.44,6.11,-,-,Nike
Croatia,7,Nike,MF,7,"Jan 17, 1998",Rennes,Lovro Majer,7,1,0,1.43,0.71,2.14,4.29,-,-,Nike
Croatia,7,Nike,MF,26,"May 14, 1997",Eintracht Frankfurt,Kristijan Jakic,1,N.A,N.A,N.A,N.A,N.A,N.A,-,-,Adidas
Croatia,7,Nike,MF,25,"Sep 8, 2002",Red Bull Salzburg,Luka Sucic,N.A,N.A,N.A,N.A,N.A,N.A,N.A,-,-,Nike
Croatia,7,Nike,FW,4,"Feb 2, 1989",Tottenham,Ivan Perisic,7,1,3,1.61,0.94,0.80,6.03,-,-,Nike
Croatia,7,Nike,FW,9,"Jun 19, 1991",Hoffenheim,Andrej Kramaric,7,2,0,1.31,0.00,0.56,2.06,-,-,Adidas
Croatia,7,Nike,FW,16,"Sep 16, 1997",Dinamo Zagreb,Bruno Petkovic,6,1,0,1.17,0.00,2.35,14.48,-,-,Nike
Croatia,7,Nike,FW,18,"Dec 29, 1992",Dinamo Zagreb,Mislav Orsic,6,1,2,1.71,0.00,1.71,2.28,-,-,Nike
Croatia,7,Nike,FW,17,"Jul 22, 1991",Osasuna,Ante Budimir,2,0,0,0.00,0.00,1.67,N.A,-,-,Puma
Croatia,7,Nike,FW,14,"Aug 26, 1993",Hajduk Split,Marko Livaja,6,1,1,0.75,0.37,0.37,4.48,-,-,Adidas
Morocco ,11,Puma,GK,1,"Apr 5, 1991",Sevilla,Yassine Bounou,6,-,-,-,-,-,0.64,58.33%,50%,Nike
Morocco ,11,Puma,GK,12,"May 10, 1989",Al Wehda,Munir Mohamedi,1,-,-,-,-,-,-,100%,100%,Nike
Morocco ,11,Puma,GK,22,"Apr 5, 1996",Wydad AC,Ahmed Reda Tagnaouti,0,-,-,-,-,-,-,0,0,Nike
Morocco ,11,Puma,DF,2,"Nov 4, 1998",PSG,Achraf Hakimi,7,0,1,1.56,1.28,3.84,7.39,-,-,Adidas
Morocco ,11,Puma,DF,3,"Nov 14, 1997",Bayern Munich,Noussair Mazraoui,5,0,0,0.98,0.24,3.42,4.40,-,-,Nike
Morocco ,11,Puma,DF,5,"Mar 30, 1996",West Ham,Nayef Aguerd,4,0,0,0.00,0.76,1.02,3.56,-,-,Adidas
Morocco ,11,Puma,DF,6,"Mar 26, 1990",Besiktas,Roman Saiss,6,0,0,0.19,0.58,0.77,3.47,-,-,Nike
Morocco ,11,Puma,DF,20,"May 6, 1999",Brest,Achraf Dari,3,1,0,0.00,2.89,0.48,5.78,-,-,Nike
Morocco ,11,Puma,DF,25,"Mar 2, 1995",Wydad AC,Yahia Attiyat Allah,6,0,1,0.29,0.00,1.15,2.01,-,-,Nike
Morocco ,11,Puma,DF,24,"Sep 30, 1993",Qatar SC,Badr Benoun,3,0,0,0.00,1.76,0.00,0.00,-,-,Nike
Morocco ,11,Puma,DF,18,"Feb 29, 1992",Valladolid,Jawad El Yamiq,6,0,0,0.00,1.46,1.17,5.26,-,-,Puma
Morocco ,11,Puma,MF,4,"Aug 21, 1996",Fiorentina,Sofyan Amrabat,7,0,0,0.14,0.82,2.32,3.68,-,-,Adidas
Morocco ,11,Puma,MF,11,"Nov 28, 1996",Sampdoria,Abdelhamid Sabiri,5,1,0,1.50,2.50,1.50,4.00,-,-,Nike
Morocco ,11,Puma,MF,15,"Nov 15, 1996",Standard Liege,Selim Amallah,7,0,0,0.66,1.76,2.85,6.37,-,-,Nike
Morocco ,11,Puma,MF,8,"Apr 19, 2000",Angers,Azzedine Ounahi,7,0,0,1.89,0.95,1.26,5.21,-,-,Adidas
Morocco ,11,Puma,MF,23,"May 10, 2004",Genk,Bilal El Khannous,1,0,0,0.00,0.00,0.00,1.61,-,-,Adidas
Morocco ,11,Puma,MF,26,"Jun 18, 1991",Wydad AC,Yahya Jabrane,2,0,0,0.00,0.00,0.00,0.00,-,-,Adidas
Morocco ,11,Puma,FW,7,"Mar 19, 1993",Chelsea,Hakim Ziyech,7,1,1,3.67,1.27,1.41,4.65,-,-,Nike
Morocco ,11,Puma,FW,17,"Sep 17, 1993",Angers,Sofiane Boufal,7,0,0,4.11,0.37,1.87,8.03,-,-,Nike
Morocco ,11,Puma,FW,14,"Feb 18, 2000",Toulouse,Zakaria Aboukhlal,4,1,0,1.23,1.23,0.00,4.94,-,-,Adidas
Morocco ,11,Puma,FW,10,"Nov 7, 2000",Burnley,Anass Zaroury,1,0,0,N.A,N.A,N.A,N.A,-,-,Puma
Morocco ,11,Puma,FW,16,"Dec 17, 2001", Osasuna,Abde Ezzalzouli,3,0,0,N.A,N.A,N.A,N.A,-,-,Adidas
Morocco ,11,Puma,FW,13,"Oct 30, 1997",QPR,Ilias Chair,1,0,0,2.05,0.00,2.05,2.05,-,-,Nike
Morocco ,11,Puma,FW,19,"Jun 1, 1997",Sevilla,Youssef En-Nesyri,7,2,0,1.15,0.16,0.66,8.23,-,-,Adidas
Morocco ,11,Puma,FW,21,"Jan 22, 1998",Bari,Walid Cheddira,2,0,0,1.43,0.00,1.43,7.15,-,-,Lotto
Morocco ,11,Puma,FW,9,"Dec 17, 1990",Al-Ittihad,Abderrazak Hamdallah,4,0,0,4.22,0.00,1.41,N.A,-,-,Nike
Netherlands ,6,Nike,GK,13,"Jan 22, 1998",Feyenoord,Justin Bijlow,0,-,-,-,-,-,-,-,-,Adidas
Netherlands ,6,Nike,GK,1,"Nov 8, 1983",Ajax,Remko Pasveer,0,-,-,-,-,-,-,-,-,Adidas
Netherlands ,6,Nike,GK,23,"Apr 7, 1994",Heerenveen,Andries Noppert,5,-,-,-,-,-,-,81.82%,40%,Nike
Netherlands ,6,Nike,DF,17,"Mar 9, 1990",Ajax,Daley Blind,5,1,1,0.42,1.06,2.76,4.88,-,-,Adidas
Netherlands ,6,Nike,DF,6,"Feb 5, 1992",Inter,Stefan de Vrij,N.A,N.A,N.A,N.A,N.A,N.A,N.A,-,-,Nike
Netherlands ,6,Nike,DF,4,"Jul 8, 1991",Liverpool,Virgil van Dijk,5,0,0,0.00,0.75,0.38,9.00,-,-,Nike
Netherlands ,6,Nike,DF,3,"Aug 12, 1999",Bayern Munich,Matthijs de Ligt,2,0,0,0.00,0.00,0.00,9.00,-,-,Nike
Netherlands ,6,Nike,DF,22,"Apr 18, 1996",Inter,Denzel Dumfries,5,1,2,1.12,1.31,1.50,6.19,-,-,Adidas
Netherlands ,6,Nike,DF,5,"Feb 18, 1995",Manchester City,Nathan Ake,5,0,0,0.00,1.50,1.12,6.00,-,-,Nike
Netherlands ,6,Nike,DF,2,"Jun 17, 2001",Ajax,Jurrien Timber,4,0,0,N.A,N.A,N.A,N.A,-,-,Nike
Netherlands ,6,Nike,DF,16,"Jun 17, 1999",Manchester United,Tyrell Malacia,N.A,N.A,N.A,N.A,N.A,N.A,N.A,-,-,Nike
Netherlands ,6,Nike,DF,26,"Dec 10, 2000",Bayer Leverkusen,Jeremie Frimpong,N.A,N.A,N.A,N.A,N.A,N.A,N.A,-,-,Puma
Netherlands ,6,Nike,MF,21,"May 12, 1997",Barcelona,Frenkie de Jong,5,1,1,1.13,1.13,2.65,7.18,-,-,Nike
Netherlands ,6,Nike,MF,11,"Dec 19, 1991",Ajax,Steven Berghuis,4,0,1,1.82,0.00,0.91,2.27,-,-,Nike
Netherlands ,6,Nike,MF,15,"Mar 29, 1991",Atalanta,Maarten de Roon,5,0,0,0.00,0.98,3.42,7.34,-,-,Adidas
Netherlands ,6,Nike,MF,20,"Feb 28, 1998",Atalanta,Teun Koopmeiners,5,0,1,0.41,1.24,4.15,9.12,-,-,Adidas
Netherlands ,6,Nike,MF,24,"May 16, 2002",Ajax,Kenneth Taylor,1,0,0,0.00,0.00,0.00,0.00,-,-,Adidas
Netherlands ,6,Nike,MF,25,"Apr 21, 2003",PSV,Xavi Simons,1,0,0,0.00,12.86,0.00,N.A,-,-,Nike
Netherlands ,6,Nike,MF,14,"February 21, 1993",Ajax,Davy Klaassen,4,1,2,0.47,0.47,1.41,3.75,-,-,Nike
Netherlands ,6,Nike,FW,10,"Feb 13, 1994",Barcelona,Memphis Depay,2,1,0,3.88,0.00,1.55,6.21,-,-,Puma
Netherlands ,6,Nike,FW,9,"Aug 27, 1990",PSV,Luuk de Jong,1,0,0,0.00,0.00,3.21,14.46,-,-,Adidas
Netherlands ,6,Nike,FW,7,"Oct 8, 1997",Ajax,Steven Bergwijn,4,0,0,0.84,0.00,0.42,2.09,-,-,Adidas
Netherlands ,6,Nike,FW,18,"Jun 15, 1994",Antwerp,Vincent Janssen,2,0,0,0.00,0.00,2.09,6.28,-,-,Nike
Netherlands ,6,Nike,FW,19,"Aug 7, 1992",Besiktas,Wout Weghorst,4,2,0,0.00,0.00,0.00,4.43,-,-,Adidas
Netherlands ,6,Nike,FW,8,"May 7, 1999",PSV,Cody Gakpo,5,3,0,1.78,0.59,1.59,5.35,-,-,Puma
Netherlands ,6,Nike,FW,12,"Jun 17, 1999",Club Brugge,Noa Lang,1,0,0,0.00,12.86,0.00,0.00,-,-,Adidas
England,5,Nike,GK,1,"Mar 7, 1994",Everton,Jordan Pickford,5,-,-,-,-,-,-,63.64%,60%,Puma
England,5,Nike,GK,13,"Apr 19, 1992",Newcastle United,Nick Pope,N.A,N.A,N.A,N.A,N.A,N.A,N.A,-,-,Nike
England,5,Nike,GK,23,"May 14, 1998",Arsenal,Aaron Ramsdale,N.A,N.A,N.A,N.A,N.A,N.A,N.A,-,-,Adidas
England,5,Nike,DF,18,"Oct 7, 1998",Liverpool,Trent Alexander-Arnold,1,0,0,0.00,0.00,0.00,0.00,-,-,Under Armour
England,5,Nike,DF,16,"Feb 25, 1993",Everton,Conor Coady,N.A,N.A,N.A,N.A,N.A,N.A,N.A,-,-,Adidas
England,5,Nike,DF,15,"Jan 15, 1994",Tottenham,Eric Dier,2,0,0,0.00,0.00,2.65,7.94,-,-,Nike
England,5,Nike,DF,6,"Mar 5, 1993",Manchester United,Harry Maguire,5,0,1,0.42,0.84,1.47,8.16,-,-,Puma
England,5,Nike,DF,3,"Jul 12, 1995",Manchester United,Luke Shaw,5,0,1,0.42,1.06,0.64,3.18,-,-,Adidas
England,5,Nike,DF,5,"May 28, 1994",Manchester City,John Stones,5,0,0,0.21,0.21,0.41,3.30,-,-,Nike
England,5,Nike,DF,12,"Sep 19, 1990",Newcastle United,Kieran Trippier,3,0,0,0.88,0.44,2.63,6.59,-,-,Adidas
England,5,Nike,DF,2,"May 28, 1990",Manchester City,Kyle Walker,3,0,0,0.76,0.76,1.14,6.08,-,-,Puma
England,5,Nike,MF,22,"Jun 29, 2003",Borussia Dortmund,Jude Bellingham,5,1,1,3.04,1.30,3.26,8.26,-,-,Adidas
England,5,Nike,MF,26,"Feb 6, 2000",Chelsea,Conor Gallagher,N.A,N.A,N.A,N.A,N.A,N.A,N.A,-,-,Nike
England,5,Nike,MF,8,"Jun 17, 1990",Liverpool,Jordan Henderson,4,1,0,0.00,0.33,1.32,3.96,-,-,Nike
England,5,Nike,MF,19,"Jan 10, 1999",Chelsea,Mason Mount,4,0,0,1.45,0.00,0.97,6.29,-,-,Nike
England,5,Nike,MF,14,"Dec 2, 1995",Manchester City,Kalvin Phillips,2,0,1,0.00,0.00,0.00,0.00,-,-,Adidas
England,5,Nike,MF,4,"Jan 14, 1999",West Ham United,Declan Rice,5,0,0,0.43,2.37,1.29,3.02,-,-,Adidas
England,5,Nike,MF,20,"May 28, 2000",Manchester City,Phil Foden,4,1,2,1.39,0.35,0.35,4.86,-,-,Nike
England,5,Nike,MF,7,"Sep 10, 1995",Manchester City,Jack Grealish,5,1,0,5.49,3.29,3.29,17.56,-,-,Nike
England,5,Nike,FW,9,"Jul 28, 1993",Tottenham,Harry Kane,5,2,3,1.57,0.00,0.45,6.94,-,-,Nike
England,5,Nike,FW,25,"Nov 13, 1996",Leicester City,James Maddison,N.A,N.A,N.A,N.A,N.A,N.A,N.A,-,-,Puma
England,5,Nike,FW,11,"Oct 31, 1997",Manchester United,Marcus Rashford,5,3,0,5.26,0.66,0.66,4.60,-,-,Nike
England,5,Nike,FW,17,"Sep 5, 2001",Arsenal,Bukayo Saka,4,3,0,2.47,0.62,2.16,5.24,-,-,New Balance
England,5,Nike,FW,10,"Dec 8, 1994",Chelsea,Raheem Sterling,3,1,1,1.81,0.60,0.60,4.22,-,-,New Balance
England,5,Nike,FW,24,"Feb 27, 1992",Newcastle United,Callum Wilson,2,0,1,0.00,0.00,0.00,0.00,-,-,Nike
Brazil,1,Nike,GK,1,"Oct 2, 1992",Liverpool,Alisson,4,-,-,-,-,-,-,71.43%,50%,Nike
Brazil,1,Nike,GK,23,"Aug 17, 1993",Manchester City,Ederson,1,-,-,-,-,-,-,66.67%,0%,Puma
Brazil,1,Nike,GK,12,"Dec 13, 1987",Palmeiras,Weverton,1,-,-,-,-,-,-,0%,0%,Puma
Brazil,1,Nike,DF,13,"May 6, 1983",UNAM,Dani Alves,2,0,0,0.77,1.54,3.85,7.69,-,-,Adidas
Brazil,1,Nike,DF,3,"Sep 22, 1984",Chelsea,Thiago Silva,4,0,1,0.00,1.15,0.69,4.15,-,-,Puma
Brazil,1,Nike,DF,4,"May 14, 1994",PSG,Marquinhos,5,0,0,0.21,0.42,1.06,3.39,-,-,Nike
Brazil,1,Nike,DF,2,"Jul 15, 1991",Juventus,Danilo,3,0,0,0.00,0.96,1.60,4.47,-,-,Nike
Brazil,1,Nike,DF,6,"Jan 26, 1991",Juventus,Alex Sandro,3,0,0,0.95,1.42,3.79,7.11,-,-,Puma
Brazil,1,Nike,DF,14,"Jan 18, 1998",Real Madrid,Eder Militao,4,0,0,0.00,0.77,1.55,4.38,-,-,Adidas
Brazil,1,Nike,DF,16,"Dec 15, 1992",Sevilla,Alex Telles,1,0,0,0.00,0.00,3.10,6.21,-,-,Adidas
Brazil,1,Nike,DF,24,"Mar 18, 1997",Juventus,Bremer,2,0,0,0.00,0.83,0.83,9.17,-,-,Puma
Brazil,1,Nike,MF,5,"Feb 23, 1992",Manchester United,Casemiro,4,1,0,0.46,1.38,2.54,4.84,-,-,Nike
Brazil,1,Nike,MF,7,"Aug 27, 1997",West Ham,Lucas Paqueta,4,1,1,0.28,0.61,2.58,8.65,-,-,Nike
Brazil,1,Nike,MF,15,"Oct 23, 1993",Liverpool,Fabinho,1,0,0,0.00,1.00,3.00,5.00,-,-,Adidas
Brazil,1,Nike,MF,8,"Mar 5, 1993",Manchester United,Fred,4,0,0,0.64,0.00,1.28,3.83,-,-,Nike
Brazil,1,Nike,MF,22,"Apr 10, 1989",Flamengo,Everton Ribeiro,1,0,0,2.50,0.00,2.50,2.50,-,-,Nike
Brazil,1,Nike,MF,17,"Nov 16, 1997",Newcastle United,Bruno Guimaraes,2,0,0,2.50,0.00,0.00,5.00,-,-,Adidas
Brazil,1,Nike,FW,10,"Feb 5, 1992",PSG,Neymar,3,2,1,5.81,0.32,0.32,7.10,-,-,Puma
Brazil,1,Nike,FW,18,"Apr 3, 1997",Arsenal,Gabriel Jesus,3,0,0,1.96,1.96,1.96,8.81,-,-,Adidas
Brazil,1,Nike,FW,9,"May 10, 1997",Tottenham,Richarlison,4,3,0,1.10,0.28,0.55,4.41,-,-,Nike
Brazil,1,Nike,FW,20,"Jul 12, 2000",Real Madrid,Vinicius Jr,4,1,2,3.89,0.00,1.20,4.49,-,-,Nike
Brazil,1,Nike,FW,19,"Feb 24, 2000",Manchester United,Antony,4,0,0,6.84,0.53,1.58,6.85,-,-,Puma
Brazil,1,Nike,FW,11,"Dec 14, 1996",Barcelona,Raphinha,5,0,0,2.84,0.85,2.27,4.54,-,-,Adidas
Brazil,1,Nike,FW,21,"Jan 9, 2001",Real Madrid,Rodrygo,5,0,1,3.02,1.01,2.01,5.53,-,-,Nike
Brazil,1,Nike,FW,26,"Jun 18, 2001",Arsenal,Gabriel Matinelli,2,0,0,5.68,0.00,1.62,6.49,-,-,Adidas
Brazil,1,Nike,FW,25,"Jun 20, 1997",Flamengo,Pedro,2,0,0,0.00,1.45,2.90,14.51,-,-,Adidas
Portugal,9,Nike,GK,22,"September 19, 1999",Porto,Diogo Costa,5,-,-,-,-,-,-,64.17%,20%,Adidas
Portugal,9,Nike,GK,1,"February 15, 1988",Roma,Rui Patricio,0,-,-,-,-,-,-,-,-,Puma
Portugal,9,Nike,GK,12,"January 17, 1993",Wolves,Jose Sa,0,-,-,-,-,-,-,-,-,Adidas
Portugal,9,Nike,DF,2,"March 18, 1999",Manchester United,Diogo Dalot,3,0,1,0.69,0.69,2.78,7.64,-,-,Nike
Portugal,9,Nike,DF,13,"September 9, 1991",PSG,Danilo Pereira,1,0,0,1.00,3.00,1.00,14.00,-,-,Nike
Portugal,9,Nike,DF,3,"February 26, 1983",Porto,Pepe,4,1,0,0.25,1.50,1.25,7.25,-,-,Adidas
Portugal,9,Nike,DF,4,"May 14, 1997",Manchester City,Ruben Dias,4,0,0,0.00,0.75,0.75,3.75,-,-,Nike
Portugal,9,Nike,DF,24,"30 October, 2003",Benfica,Antonio Silva,1,0,0,0.00,1.00,1.00,5.00,-,-,Adidas
Portugal,9,Nike,DF,19,"June 19, 2002",PSG,Nuno Mendes,1,0,0,4.29,4.29,0.00,12.85,-,-,Adidas
Portugal,9,Nike,DF,20,"May 27, 1994",Manchester City,Joao Cancelo,4,0,0,2.62,0.58,2.04,10.19,-,-,Nike
Portugal,9,Nike,DF,5,"December 22, 1993",Borussia Dortmund,Raphael Guerreiro,4,1,2,0.65,0.97,0.97,3.23,-,-,Adidas
Portugal,9,Nike,MF,6,"July 9, 1995",Fulham,Joao Palhinha,3,0,0,2.57,2.57,5.14,5.14,-,-,Adidas
Portugal,9,Nike,MF,18,"March 13, 1997",Wolves,Ruben Neves,5,0,0,0.00,0.66,0.33,2.32,-,-,Nike
Portugal,9,Nike,MF,10,"August 10, 1994",Manchester City,Bernardo Silva,5,0,0,0.50,0.50,0.50,1.76,-,-,Adidas
Portugal,9,Nike,MF,8,"September 8, 1994",Manchester United,Bruno Fernandes,4,2,3,0.76,0.50,0.76,4.28,-,-,Nike
Portugal,9,Nike,MF,17,"January 19, 1993",Benfica,Joao Mario,2,0,0,1.08,0.00,2.17,2.17,-,-,Nike
Portugal,9,Nike,MF,23,"August 27, 1998",Wolves,Matheus Nunes,2,0,0,1.23,0.00,0.00,3.70,-,-,Adidas
Portugal,9,Nike,MF,25,"February 9, 1995",Porto,Otavio,3,0,0,N.A,N.A,N.A,N.A,-,-,Adidas
Portugal,9,Nike,MF,14,"April 7, 1992",Real Betis,William Carvalho,4,0,0,0.00,0.00,2.51,6.69,-,-,Nike
Portugal,9,Nike,MF,16,"February 13, 2000",PSG,Vitinha,3,0,0,1.51,0.00,2.27,5.29,-,-,Nike
Portugal,9,Nike,FW,24,"November 6, 1995",RB Leipzig,Andre Silva,1,0,0,0.00,0.00,0.00,7.20,-,-,Nike
Portugal,9,Nike,FW,7,"February 5, 1985",-,Cristiano Ronaldo üêê,5,1,0,0.62,0.00,0.00,6.49,-,-,Nike
Portugal,9,Nike,FW,26,"June 20, 2001",Benfica,Goncalo Ramos,4,3,1,1.18,0.00,0.59,7.11,-,-,Nike
Portugal,9,Nike,FW,11,"November 10, 1999",Atletico Madrid,Joao Felix,4,1,2,2.16,1.08,0.54,5.13,-,-,Adidas
Portugal,9,Nike,FW,15,"June 10, 1999",AC Milan,Rafael Leao,5,2,0,6.51,1.08,0.00,7.59,-,-,Adidas
Portugal,9,Nike,FW,21,"September 15, 1994",SC Braga,Ricardo Horta,3,1,0,0.00,0.76,1.53,2.29,-,-,Nike
Australia,27,Nike,GK,1,"Apr 8, 1992",Copenhagen,Mat Ryan,4,-,-,-,-,-,-,66.67%,50%,Nike
Australia,27,Nike,GK,18,"Mar 27, 1985",Central Coast Mariners,Danny Vukovic,-,-,-,-,-,-,-,-,-,Adidas
Australia,27,Nike,GK,12,"Jan 13, 1989",Sydney,Andrew Redmayne,-,-,-,-,-,-,-,-,-,Adidas
Australia,27,Nike,DF,16,"Oct 16, 1990",Dundee United,Aziz Behic,4,0,0,3.00,0.75,2.00,5.50,-,-,Mizuno
Australia,27,Nike,DF,2,"Apr 28, 1994",Columbus Crew,Milos Degenek,4,0,0,1.49,0.50,2.49,11.93,-,-,Adidas
Australia,27,Nike,DF,8,"July 28, 1992",Sunderland,Bailey Wright,1,0,0,0.00,0.00,0.00,11.24,-,-,Nike
Australia,27,Nike,DF,5,"May 12, 1996",Brescia,Fran Karacic,2,0,0,0.00,1.91,2.87,10.53,-,-,Nike
Australia,27,Nike,DF,19,"Oct 22, 1998",Stoke City,Harry Souttar,4,0,0,0.00,1.50,1.00,7.25,-,-,Nike
Australia,27,Nike,DF,3,"Jun 13, 1999",Hearts,Nathaniel Atkinson,1,0,0,2.12,1.06,4.24,4.24,-,-,Puma
Australia,27,Nike,DF,24,"Oct 30, 2000",OB,Joel King,N.A,N.A,N.A,N.A,N.A,N.A,N.A,-,-,Nike
Australia,27,Nike,DF,4,"Jun 24, 1998",Hearts,Kye Rowles,4,0,0,0.00,1.75,2.25,4.25,-,-,Adidas
Australia,27,Nike,DF,20,"Mar 20, 1997",Albirex Niigata,Thomas Deng,N.A,N.A,N.A,N.A,N.A,N.A,N.A,-,-,Nike
Australia,27,Nike,MF,13,"Sep 15, 1990",Celtic,Aaron Mooy,4,0,0,0.75,0.50,2.25,4.00,-,-,Nike
Australia,27,Nike,MF,22,"Mar 7, 1993",St Pauli,Jackson Irvine,4,0,0,0.51,0.51,1.01,6.08,-,-,Adidas
Australia,27,Nike,MF,10,"Jul 5, 1996",Hellas Verona,Ajdin Hrustic,2,0,0,6.10,1.53,1.53,6.10,-,-,Nike
Australia,27,Nike,MF,14,"Nov 2, 1998",Middlesbrough,Riley McGree,4,0,1,0.00,1.67,0.67,2.00,-,-,Nike
Australia,27,Nike,MF,26,"Jun 7, 1998",St Mirren,Keanu Baccus,4,0,0,0.00,1.61,0.80,4.82,-,-,Nike
Australia,27,Nike,MF,17,"Jun 7, 1998",Hearts,Cameron Devlin,N.A,N.A,N.A,N.A,N.A,N.A,N.A,-,-,New Balance
Australia,27,Nike,FW,7,"Feb 4, 1991",Melbourne City,Mathew Leckie,4,1,1,2.69,0.27,1.07,11.02,-,-,Nike
Australia,27,Nike,FW,11,"Sep 15, 1995",Cadiz,Awer Mabil,2,0,0,4.09,4.09,0.00,0.00,-,-,Nike
Australia,27,Nike,FW,9,"Jul 29, 1993",Melbourne City,Jamie Maclaren,3,0,0,0.00,1.70,0.00,3.40,-,-,Nike
Australia,27,Nike,FW,15,"Jan 18, 1991",Fagiano Okayama,Mitchell Duke,4,1,0,0.66,0.66,0.00,8.58,-,-,Nike
Australia,27,Nike,FW,6,"Apr 25, 1993",Hibernian,Marco Tilio,N.A,N.A,N.A,N.A,N.A,N.A,N.A,-,-,Nike
Australia,27,Nike,FW,23,"Dec 16, 1991",Adelaide United,Craig Goodwin,4,1,0,0.00,0.00,1.52,3.04,-,-,Nike
Australia,27,Nike,FW,25,"Aug 1, 1995",Central Coast Mariners,Jason Cummings,1,0,0,2.65,0.00,0.00,0.00,-,-,Nike
Australia,27,Nike,FW,21,"Sep 15, 2004",Central Coast Mariners,Garang Kuol,2,0,0,N.A,N.A,N.A,N.A,-,-,Nike
USA,13,Nike,GK,1,"Jun 24, 1994",Arsenal,Matt Turner,4,-,-,-,-,-,-,53.33%,50%,Nike
USA,13,,GK,12,"Jun 9, 1995",Luton Town ,Ethan Horvath,0,-,-,-,-,-,-,-,-,Puma
USA,13,Nike,GK,25,"May 31, 1989",New York City FC,Sean Johnson,0,-,-,-,-,-,-,-,-,Nike
USA,13,Nike,DF,20,"Dec 31, 1997",Celtic,Cameron Carter-Vickers,1,0,0,0.00,0.00,0.00,9.00,-,-,Adidas
USA,13,Nike,DF,2,"Nov 3, 2000",AC Milan,Sergi√±o Dest,4,0,1,2.33,0.58,0.87,2.91,-,-,Nike
USA,13,Nike,DF,15,"Oct 12, 2000",New York Red Bills,Aaron Long,N.A,N.A,N.A,N.A,N.A,N.A,N.A,-,-,Adidas
USA,13,Nike,DF,18,"Nov 2, 1996",Nashville SC,Shaq Moore,2,0,0,0.00,0.00,9.00,18.00,-,-,Nike
USA,13,Nike,DF,13,"Oct 5, 1987",Fulham,Tim Ream,4,0,0,0.25,1.00,1.00,4.75,-,-,Nike
USA,13,Nike,DF,5,"Aug 8, 1997",Fulham,Antonee Robinson,4,0,0,1.25,1.75,1.50,5.50,-,-,Nike
USA,13,Nike,DF,26,"Dec 31, 2002",Borussia M√∂nchengladbach,Joe Scally,N.A,N.A,N.A,N.A,N.A,N.A,N.A,-,-,Nike
USA,13,Nike,DF,22,"Jul 9, 1993",Inter Miami,DeAndre Yedlin,2,0,0,0.00,0.00,5.81,11.61,-,-,Under Armour
USA,13,Nike,DF,3,"May 19, 1993",Nashville SC,Walker Zimmerman,4,0,0,0.00,1.29,0.97,6.15,-,-,Adidas
USA,13,Nike,MF,11,"Oct 22, 2000",Leeds United,Brenden Aaronson,4,0,0,6.06,0.87,2.60,6.92,-,-,Nike
USA,13,Nike,MF,23,"Jul 24, 1995",Los Angeles FC,Kellyn Acosta,2,0,0,0.00,0.00,6.59,10.98,-,-,Nike
USA,13,Nike,MF,4,"Feb 14, 1999",Leeds United,Tyler Adams,4,0,0,0.25,1.00,2.25,6.25,-,-,Nike
USA,13,Nike,MF,14,"May 23, 1998",Celta Vigo,Luca de la Torre,N.A,N.A,N.A,N.A,N.A,N.A,N.A,-,-,Nike
USA,13,Nike,MF,8,"Aug 28, 1998",Juventus,Weston McKennie,4,0,0,0.65,0.00,0.65,3.60,-,-,Adidas
USA,13,Nike,MF,6,"Nov 29, 2002",Valencia,Yunus Musah,4,0,0,N.A,N.A,N.A,N.A,-,-,Puma
USA,13,Nike,MF,17,"Jun 3, 1995",Seattle Sounders,Cristian Roldan,N.A,N.A,N.A,N.A,N.A,N.A,N.A,-,-,Adidas
USA,13,Nike,FW,9,"Dec 24, 2000",Tulsa Roughnecks,Jes√∫s Ferreira,1,0,0,1.96,0.00,1.96,5.87,-,-,Nike
USA,13,Nike,FW,16,"Oct 26, 1994",Swansea City,Jordan Morris,2,0,0,0.00,0.00,0.00,0.00,-,-,Nike
USA,13,Nike,FW,10,"Sept 18, 1998",Chelsea,Christian Pulisic,4,1,2,1.99,0.00,0.57,5.70,-,-,Puma
USA,13,Nike,FW,7,"Nov 13, 2002",Borussia Dortmund,Gio Reyna,2,0,0,0.00,0.00,0.00,10.59,-,-,Adidas
USA,13,Nike,FW,21,"Feb 22, 2000",Lille,Tim Weah,4,1,0,0.56,0.00,0.28,2.25,-,-,New Balance
USA,13,Nike,FW,19,"Mar 27, 1998",Antalyaspor,Haji Wright,4,1,0,0.67,0.00,1.33,10.00,-,-,Nike
Poland ,22,Nike,GK,1,"April 15, 1990",Juventus,Wojciech Szczesny,4,-,-,-,-,-,-,82.14%,50%,New Balance
Poland ,22,Nike,GK,22,"January 8, 1999",FC Copenhagen,Kamil Grabara,0,-,-,-,-,-,-,-,-,Puma
Poland ,22,Nike,GK,12,"May 5, 1991",Bologna,Lukasz Skorupski,0,-,-,-,-,-,-,-,-,Adidas
Poland ,22,Nike,DF,5,"April 12, 1996",Aston Villa,Jan Bednarek,1,0,0,0.00,0.00,0.00,0.00,-,-,Adidas
Poland ,22,Nike,DF,15,"February 3, 1988",Benevento,Kamil Glik,4,0,0,0.00,0.75,0.50,2.50,-,-,Nike
Poland ,22,Nike,DF,25,"June 4, 1998",Augsburg,Robert Gumny,N.A,N.A,N.A,N.A,N.A,N.A,N.A,-,-,Puma
Poland ,22,Nike,DF,3,"November 4, 1987",Legia Warsaw,Artur Jedrzejczyk,1,0,0,0.00,0.00,0.00,0.00,-,-,Adidas
Poland ,22,Nike,DF,14,"February 15, 2000",Spezia,Jakub Kiwior,4,0,0,0.00,0.76,0.50,2.02,-,-,Adidas
Poland ,22,Nike,DF,4,"February 11, 1997",Clermont,Mateusz Wieteska,N.A,N.A,N.A,N.A,N.A,N.A,N.A,-,-,Puma
Poland ,22,Nike,DF,18,"July 12, 1992",Sampdoria,Bartosz Bereszynski,4,0,0,1.84,0.79,1.58,5.00,-,-,Puma
Poland ,22,Nike,DF,2,"August 7, 1997",Aston Villa,Matty Cash,4,0,0,0.50,0.00,1.00,2.50,-,-,Under Armour
Poland ,22,Nike,DF,21,"January 23, 2002",Roma,Nicola Zalewski,2,0,0,2.77,0.00,5.54,8.31,-,-,Nike
Poland ,22,Nike,MF,6,"January 4, 1998",Birmingham City,Krystian Bielik,4,0,0,1.26,1.67,1.26,9.21,-,-,Nike
Poland ,22,Nike,MF,24,"April 12, 1995",Lens,Przemyslaw Frankowski,4,0,0,0.74,1.12,2.60,5.95,-,-,Puma
Poland ,22,Nike,MF,11,"June 8, 1988",Pogon Szczecin,Kamil Grosicki,1,0,0,N.A,0.00,0.00,N.A,-,-,New Balance
Poland ,22,Nike,MF,10,"January 29, 1990",Al-Shabab,Grzegorz Krychowiak,4,0,0,0.54,1.35,2.43,6.74,-,-,Adidas
Poland ,22,Nike,MF,13,"June 5, 2002",Wolfsburg,Jakub Kaminski,4,0,0,1.55,0.00,2.33,3.88,-,-,Adidas
Poland ,22,Nike,MF,26,"February 15, 2000",Lech Poznan,Michal Skoras,1,0,0,0.00,2.05,0.00,8.19,-,-,Puma
Poland ,22,Nike,MF,8,"June 16, 1995",AEK Athens,Damian Szymanski,1,0,0,0.00,3.21,0.00,0.00,-,-,Mizuno
Poland ,22,Nike,MF,19,"May 10, 1999",Feyenoord,Sebastian Szymanski,2,0,0,1.33,1.33,4.00,8.00,-,-,Nike
Poland ,22,Nike,MF,20,"May 20, 1994",Napoli,Piotr Zielinski,4,1,0,0.82,0.27,1.91,2.73,-,-,Nike
Poland ,22,Nike,MF,17,"September 25, 1997",Fiorentina,Szymon Zurkowski,N.A,N.A,N.A,N.A,N.A,N.A,N.A,-,-,Nike
Poland ,22,Nike,FW,9,"August 21, 1988",Barcelona,Robert Lewandowski,4,2,1,2.75,0.50,0.75,12.50,-,-,Nike
Poland ,22,Nike,FW,7,"February 28, 1994",Juventus,Arkadiusz Milik,3,0,0,0.00,0.00,0.00,9.00,-,-,Adidas
Poland ,22,Nike,FW,23,"July 1, 1995",Salernitana,Krzysztof Piatek,2,0,0,0.00,0.00,0.00,17.30,-,-,Adidas
Poland ,22,Nike,FW,16,"January 23, 1997",Charlotte FC,Karol Swiderski,1,0,0,0.00,3.91,7.83,N.A,-,-,Adidas
Senegal,19,Puma,GK,16,"March 1, 1992",Chelsea,Edouard Mendy,4,-,-,-,-,-,-,50%,0%,Adidas
Senegal,19,Puma,GK,23,"September 5, 1993",Rennes,Alfred Gomis,-,-,-,-,-,-,-,-,-,Adidas
Senegal,19,Puma,GK,1,"November 23, 1994",QPR,Seny Dieng,-,-,-,-,-,-,-,-,-,Nike
Senegal,19,Puma,DF,2,"January 2, 2001",Amiens,Formose Mendy,N.A,N.A,N.A,N.A,N.A,N.A,N.A,-,-,Puma
Senegal,19,Puma,DF,3,"June 20, 1991",Chelsea,Kalidou Koulibaly,4,1,0,0.00,0.75,3.00,9.25,-,-,Puma
Senegal,19,Puma,DF,4,"September 14, 1995",Olympiacos,Papa Abou Cisse,2,0,0,0.88,1.76,0.00,4.41,-,-,Puma
Senegal,19,Puma,DF,22,"May 4, 1996",RB Leipzig,Abdou Diallo,4,0,0,0.00,0.27,0.54,4.34,-,-,Puma
Senegal,19,Puma,DF,12,"January 3, 1997",AC Milan,Fode Ballo-Toure,1,0,0,0.00,0.00,0.00,N.A,-,-,Adidas
Senegal,19,Puma,DF,14,"August 17, 1999",AS Monaco,Ismail Jakobs,4,0,1,0.32,1.29,0.00,7.39,-,-,Nike
Senegal,19,Puma,DF,21,"March 5, 1993",Real Betis,Youssouf Sabaly,4,0,0,1.25,1.00,1.50,7.50,-,-,Puma
Senegal,19,Puma,DF,10,"June 18, 2002",Anderlecht,Moussa Ndiaye,N.A,N.A,N.A,N.A,N.A,N.A,N.A,-,-,Nike
Senegal,19,Puma,MF,26,"January 24, 1999",Marseille,Papa Gueye,3,0,0,0.60,1.19,2.38,10.13,-,-,Adidas
Senegal,19,Puma,MF,17,"September 14, 2002",Tottenham Hotspur,Pape Matar Sarr,0,0,0,1.61,0.00,4.82,8.65,-,-,Nike
Senegal,19,Puma,MF,6,"June 23, 1992",Leicester City,Nampalys Mendy,4,0,0,0.33,0.99,1.31,2.30,-,-,Adidas
Senegal,19,Puma,MF,15,"February 25, 1999",AS Monaco,Krepin Diatta,3,0,0,1.96,0.00,0.00,3.43,-,-,Adidas
Senegal,19,Puma,MF,11,"March 16, 1994",Rayo Vallecano,Pathe Ciss,3,0,0,1.23,1.23,1.85,8.63,-,-,Nike
Senegal,19,Puma,MF,24,"May 5, 1995",Monaco,Moustapha Name,N.A,N.A,N.A,N.A,N.A,N.A,N.A,-,-,Adidas
Senegal,19,Puma,MF,25,"December 30, 1996",Pafos,Loum Ndiaye,N.A,N.A,N.A,N.A,N.A,N.A,N.A,-,-,Puma
Senegal,19,Puma,FW,9,"November 16, 1996",Salernitana,Boulaye Dia,4,1,0,0.56,0.28,0.28,4.76,-,-,Nike
Senegal,19,Puma,FW,18,"February 25, 1998",Watford,Ismalia Sarr,4,1,0,3.40,0.52,0.78,11.77,-,-,Nike
Senegal,19,Puma,FW,20,"March 23, 2000",Marseille,Bamba Dieng,4,1,0,N.A,N.A,N.A,N.A,-,-,Adidas
Senegal,19,Puma,FW,13,"March 6, 2000",Sheffield United,Iliman Ndiaye,3,0,1,4.60,0.66,0.00,3.94,-,-,Adidas
Senegal,19,Puma,FW,7,"June 20, 2001",Villarreal,Nicolas Jackson,1,0,0,N.A,N.A,N.A,N.A,-,-,Adidas
Senegal,19,Puma,FW,19,"December 15, 1992",Alanyaspor,Famara Diedhiou,2,1,0,0.98,0.00,0.00,11.74,-,-,Puma
Japan,20,Adidas,GK,1,"Mar 20, 1983",Strasbourg,Eiji Kawashima,0,-,-,-,-,-,-,-,-,Puma
Japan,20,Adidas,GK,12,"Mar 3, 1989",Shimizu S-Pulse,Shuichi Gonda,4,-,-,-,-,-,-,78.95%,0%,Mizuno
Japan,20,Adidas,GK,23,"Feb 3, 1992",Sint-Truiden,Daniel Schmidt,0,-,-,-,-,-,-,-,-,Puma
Japan,20,Adidas,DF,2,"Dec 22, 1993",Kawasaki Frontale,Miki Yamane,1,0,0,1.45,2.90,1.45,4.35,-,-,Asics
Japan,20,Adidas,DF,3,"Jul 15, 1991",Kawasaki Frontale,Shogo Taniguchi,2,0,0,0.00,0.43,0.43,6.43,-,-,Puma
Japan,20,Adidas,DF,5,"Sep 12, 1986",Tokyo,Yuto Nagatomo,4,0,0,1.69,0.00,1.69,3.80,-,-,Nike
Japan,20,Adidas,DF,16,"Nov 5, 1998",Arsenal,Takehiro Tomiyasu,3,0,0,0.00,0.00,0.00,5.84,-,-,Nike
Japan,20,Adidas,DF,19,"Apr 12, 1990",Urawa Red Diamonds,Hiroki Sakai,2,0,0,1.50,0.75,3.75,9.00,-,-,Nike
Japan,20,Adidas,DF,22,"Aug 24, 1988",Schalke,Maya Yoshida,4,0,1,0.46,0.69,0.92,6.76,-,-,Mizuno
Japan,20,Adidas,DF,26,"May 12, 1999",Stuttgart,Hiroki Ito,1,0,0,0.00,0.00,0.00,4.10,-,-,Nike
Japan,20,Adidas,MF,6,"Feb 9, 1993",Stuttgart,Wataru Endo,4,0,0,0.89,0.89,2.38,10.69,-,-,Puma
Japan,20,Adidas,MF,7,"May 28, 1992",Leganes,Gaku Shibasaki,N.A,N.A,N.A,N.A,N.A,N.A,N.A,-,-,Umbro
Japan,20,Adidas,MF,8,"Jun 16, 1998",Freiburg,Ritsu Doan,4,2,0,2.49,0.83,2.49,6.22,-,-,Puma
Japan,20,Adidas,MF,9,"May 20, 1997",Brighton,Kaoru Mitoma,4,0,1,2.80,1.12,3.91,7.83,-,-,Puma
Japan,20,Adidas,MF,10,"Jan 16, 1995",Monaco,Takumi Minamino,3,0,0,1.61,0.00,3.21,3.21,-,-,Adidas
Japan,20,Adidas,MF,13,"May 10, 1995",Sporting,Hidemasa Morita,3,0,0,1.26,0.63,0.00,3.46,-,-,Mizuno
Japan,20,Adidas,MF,14,"Mar 9, 1993",Reims,Junya Ito,4,0,1,1.95,1.11,1.95,5.58,-,-,Puma
Japan,20,Adidas,MF,15,"Nov 5, 1996",Eintracht Frankfurt,Daichi Kamada,4,0,0,1.11,0.00,1.94,4.72,-,-,Nike
Japan,20,Adidas,MF,17,"Sep 10, 1998",Fortuna Dusseldorf,Ao Tanaka,3,1,0,0.00,1.57,1.57,5.23,-,-,Mizuno
Japan,20,Adidas,MF,24,"Feb 25, 1997",Nagoya Grampus,Yuki Soma,1,0,0,2.20,0.00,2.20,6.59,-,-,Mizuno
Japan,20,Adidas,FW,18,"Nov 10, 1994",Bochum,Takuma Asano,4,1,0,0.56,0.56,0.00,1.12,-,-,Adidas
Japan,20,Adidas,FW,20,"Sep 30, 1999",Shonan Bellmare,Shuto Machino,N.A,N.A,N.A,N.A,N.A,N.A,N.A,-,-,Puma
Japan,20,Adidas,FW,21,"Aug 28, 1998",Cercle Brugge,Ayase Ueda,N.A,N.A,N.A,N.A,N.A,N.A,N.A,-,-,Nike
Japan,20,Adidas,FW,25,"Oct 20, 1997",Celtic,Daizen Maeda,3,1,0,0.00,1.48,1.48,3.90,-,-,Nike
South Korea,25,Nike,GK,1,"September 30, 1990",Al Shabab,Kim Seung-gyu,4,-,-,-,-,-,-,57.89%,25%,Adidas
South Korea,25,Nike,GK,21,"September 25, 1991",Ulsan Hyundai,Jo Hyeon-woon,0,-,-,-,-,-,-,-,-,Adidas
South Korea,25,Nike,GK,12,"October 15, 1997",Jeonbuk Hyundai Motors,Song Bum-keun,0,-,-,-,-,-,-,-,-,Nike
South Korea,25,Nike,DF,4,"November 15, 1996",Napoli,Kim Min-jae,3,0,0,0.33,0.67,0.67,7.66,-,-,Nike
South Korea,25,Nike,DF,3,"June 13, 1992",Jeonbuk Hyundai Motors,Kim Jin-su,4,0,1,0.57,0.85,2.85,10.26,-,-,Puma
South Korea,25,Nike,DF,14,"September 17, 1990",Daegu FC,Hong Chul,1,0,0,2.05,2.05,0.00,4.05,-,-,Nike
South Korea,25,Nike,DF,15,"August 1, 1995",Jeonbuk Hyundai Motors,Kim Moon-hwan,4,0,0,1.00,1.00,2.25,5.75,-,-,Nike
South Korea,25,Nike,DF,2,"March 20, 1998",FC Seoul,Yoon Jong-gyu,N.A,N.A,N.A,N.A,N.A,N.A,N.A,-,-,Nike
South Korea,25,Nike,DF,19,"February 27, 1990",Ulsan Hyundai,Kim Young-gwon,4,1,0,0.00,0.77,0.77,4.36,-,-,Mizuno
South Korea,25,Nike,DF,23,"July 24, 1989",Ulsan Hyundai,Kim Tae-hwan,"N,A","N,A","N,A","N,A","N,A","N,A","N,A",-,-,Mizuno
South Korea,25,Nike,DF,20,"January 31, 1992",Gamba Osaka,Kwon Kyung-won,4,0,0,0.00,N.A,N.A,N.A,-,-,Mizuno
South Korea,25,Nike,DF,24,"November 17, 1996",Daejon Citizen,Cho Yu-min,1,0,0,N.A,N.A,N.A,N.A,-,-,Nike
South Korea,25,Nike,MF,5,"December 14, 1989",Al Sadd,Jung Woo-young,4,0,0,0.00,0.59,1.48,5.04,-,-,Mizuno
South Korea,25,Nike,MF,17,"August 12, 1996",FC Seoul,Na Sang-ho,2,0,0,3.05,0.00,3.05,7.63,-,-,Nike
South Korea,25,Nike,MF,8,"March 17, 1997",Jeonbuk Hyundai Motors,Paik Seung-ho,1,1,0,0.00,0.00,10.80,N.A,-,-,Nike
South Korea,25,Nike,MF,13,"May 12, 1992",Shandong Taishan,Son Jun-ho,3,0,0,0.00,3.91,3.91,3.91,-,-,Mizuno
South Korea,25,Nike,MF,26,"September 12, 1999",Jeonbuk Hyundai Motors,Song Min-kyu,N.A,N.A,N.A,N.A,N.A,N.A,N.A,-,-,Nike
South Korea,25,Nike,MF,22,"June 30, 1994",Gimcheon Sangmu,Kwon Chang-hoon,1,0,0,N.A,N.A,N.A,N.A,-,-,Nike
South Korea,25,Nike,MF,10,"August 10, 1992",Mainz,Lee Jae-sung,3,0,0,1.26,1.26,2.10,5.89,-,-,Nike
South Korea,25,Nike,MF,6,"September 20, 1996",Olympiacos,Hwang In-beom,4,0,0,1.07,0.81,1.07,2.96,-,-,Mizuno
South Korea,25,Nike,MF,18,"February 19, 2001",Mallorca,Lee Kang-in,4,0,1,0.62,0.00,2.47,5.55,-,-,Adidas
South Korea,25,Nike,FW,7,"July 8, 1992",Tottenham Hotspur,Son Heung-min,4,0,1,3.25,0.50,1.25,3.50,-,-,Adidas
South Korea,25,Nike,FW,11,"January 26, 1996",Wolverhampton Wanderers,Hwang Hee-chan,2,1,0,7.11,0.00,0.79,5.53,-,-,Nike
South Korea,25,Nike,FW,25,"September 20, 1999",Freiburg,Jeong Woo-yeong,1,0,0,1.96,0.00,0.00,0.00,-,-,Nike
South Korea,25,Nike,FW,16,"August 28, 1992",Olympiacos,Hwang Ui-jo,4,0,0,0.86,0.00,0.00,2.57,-,-,Adidas
South Korea,25,Nike,FW,9,"January 26, 1998",Jeonbuk Hyundai Motors,Cho Gue-sung,N.A,N.A,N.A,N.A,N.A,N.A,N.A,-,-,Nike
Spain,10,Adidas,GK,1,"November 18, 1997",Brighton,Robert Sanchez,0,-,-,-,-,-,-,-,-,Nike
Spain,10,Adidas,GK,13,"September 15, 1995",Brentford,David Raya,0,-,-,-,-,-,-,-,-,Adidas
Spain,10,Adidas,GK,23,"June 11, 1997",Athletic Club,Unai Simon,4,-,-,-,-,-,-,66.67%,50%,Adidas
Spain,10,Adidas,DF,2,"August 28, 1989",Chelsea,Cesar Azpilicueta,2,0,1,0.00,0.66,0.66,3.31,-,-,Adidas
Spain,10,Adidas,DF,18,"March 21, 1989",FC Barcelona,Jordi Alba,4,0,2,1.02,1.02,2.37,4.74,-,-,Adidas
Spain,10,Adidas,DF,15,"January 31, 2000",Valencia,Hugo Guillamon,3,1,0,N.A,N.A,N.A,N.A,-,-,Adidas
Spain,10,Adidas,DF,4,"January 17, 1997",Villarreal,Pau Torrres,1,0,0,0.00,0.00,0.00,1.00,-,-,Adidas
Spain,10,Adidas,DF,3,"January 9, 2001",Barcelona,Eric Garcia,3,0,0,N.A,N.A,N.A,N.A,-,-,Adidas
Spain,10,Adidas,DF,14,"October 18, 2003",Barcelona,Alejandro Balde,4,0,0,0.00,0.00,4.35,5.08,-,-,Nike
Spain,10,Adidas,DF,20,"January 11, 1992",Real Madrid,Dani Carvajal,2,0,0,0.00,1.34,0.67,1.34,-,-,Nike
Spain,10,Adidas,DF,24,"May 27, 1994",Manchester City,Aymeric Laporte,3,0,0,0.00,0.60,0.60,4.20,-,-,Adidas
Spain,10,Adidas,MF,5,"July 16, 1988",Barcelona,Sergio Busquets,4,0,0,0.25,0.25,1.73,6.68,-,-,Nike
Spain,10,Adidas,MF,6,"January 30, 1995",Atletico Madrid,Marcos Llorente,1,0,0,0.00,0.00,0.00,0.00,-,-,Nike
Spain,10,Adidas,MF,26,"November 25, 2002",Barcelona,Pedri,4,0,0,2.02,1.01,1.01,3.53,-,-,Adidas
Spain,10,Adidas,MF,16,"June 22, 1996",Manchester City,Rodri,4,0,0,0.00,0.69,1.15,8.77,-,-,Nike
Spain,10,Adidas,MF,8,"January 8, 1992",Atletico Madrid,Koke,2,0,0,0.00,0.00,1.80,1.80,-,-,Adidas
Spain,10,Adidas,MF,9,"August 5, 2004",Barcelona,Gavi,4,1,0,0.94,0.31,2.51,8.78,-,-,Nike
Spain,10,Adidas,MF,19,"January 2, 1997",PSG,Carlos Soler,2,1,0,1.00,0.00,0.00,2.00,-,-,Adidas
Spain,10,Adidas,FW,7,"October 23, 1992",Atletico Madrid,Alvaro Morata,4,3,1,1.48,0.00,0.49,2.95,-,-,Adidas
Spain,10,Adidas,FW,17,"October 20, 2002",Villarreal,Yeremy Pino,N.A,N.A,N.A,N.A,N.A,N.A,N.A,-,-,Nike
Spain,10,Adidas,FW,11,"February 29, 2000",Barcelona,Ferran Torres,4,2,0,4.52,0.00,0.00,2.88,-,-,Adidas
Spain,10,Adidas,FW,10,"January 21, 1996",Real Madrid,Marco Asensio,4,1,0,0.78,0.00,0.39,1.56,-,-,Nike
Spain,10,Adidas,FW,22,"May 11, 1992",PSG,Pablo Sarabia,1,0,0,N.A,N.A,N.A,N.A,-,-,Puma
Spain,10,Adidas,FW,21,"May 7, 1998",RB Leipzig,Dani Olmo,4,1,1,3.91,0.24,1.22,3.42,-,-,Adidas
Spain,10,Adidas,FW,12,"July 12, 2002",Athletic Club,Nico Williams,4,0,0,8.07,0.00,2.48,6.83,-,-,Nike
Spain,10,Adidas,FW,25,"October 31, 2002",Barcelona,Ansu Fati,2,0,0,4.09,0.00,2.05,6.14,-,-,Nike
Switzerland,12,Puma,GK,1,"Dec 17, 1988",Borussia Monchengladbach,Yann Sommer,3,-,-,-,-,-,-,63.16%,33%,Puma
Switzerland,12,Puma,GK,12,"Jan 10, 1994",Montpellier,Jonas Omlin,0,-,-,-,-,-,-,-,-,Adidas
Switzerland,12,Puma,GK,21,"Dec 6, 1997",Borussia Dortmund,Gregor Kobel,1,-,-,-,-,-,-,50%,0%,Puma
Switzerland,12,Puma,GK,24,"Apr 2, 1998",Red Bull Salzburg,Philipp Kohn,0,N.A,N.A,N.A,N.A,N.A,N.A,-,-,Nike
Switzerland,12,Puma,DF,13,"Aug 25, 1992",Torino,Ricardo Rodriguez,4,0,0,0.00,0.00,1.50,7.00,-,-,Nike
Switzerland,12,Puma,DF,22,"Dec 20, 1991",Newcastle United,Fabian Schar,2,0,0,0.00,1.32,1.32,7.94,-,-,Puma
Switzerland,12,Puma,DF,5,"Jul 19, 1995",Manchester City,Manuel Akanji,4,1,0,0.00,0.75,1.25,6.00,-,-,Nike
Switzerland,12,Puma,DF,4,"Sep 30, 1996",Borussia Monchengladbach,Nico Elvedi,2,0,0,0.00,0.50,1.00,4.50,-,-,Puma
Switzerland,12,Puma,DF,18,"Feb 4, 1998",Valencia,Eray Comert,2,0,0,0.00,4.09,0.00,2.05,-,-,Puma
Switzerland,12,Puma,MF,23,"Oct 10, 1991",Chicago Fire,Xherdan Shaqiri,3,1,1,0.78,0.00,0.00,3.12,-,-,Nike
Switzerland,12,Puma,MF,10,"Sep 27, 1992",Arsenal,Granit Xhaka,4,0,0,0.25,0.50,1.50,6.25,-,-,Puma
Switzerland,12,Puma,MF,8,"Apr 15, 1992",Nottingham Forest,Remo Freuler,4,1,0,0.56,0.83,2.22,3.34,-,-,Nike
Switzerland,12,Puma,MF,6,"Nov 20, 1996",Chelsea,Denis Zakaria,2,0,0,1.58,4.74,0.00,6.32,-,-,Adidas
Switzerland,12,Puma,MF,15,"Feb 6, 1997",Eintracht Frankfurt,Djibril Sow,4,0,1,0.33,0.33,0.66,3.65,-,-,Nike
Switzerland,12,Puma,MF,11,"Nov 3, 1991",Lugano,Renato Steffen,1,0,0,2.81,0.00,0.00,2.81,-,-,Nike
Switzerland,12,Puma,MF,2,"Apr 15, 1996",Mainz,Edimilson Fernandes,3,0,0,1.26,1.26,1.26,2.52,-,-,Nike
Switzerland,12,Puma,MF,20,"Jan 8, 1989",Basel,Fabian Frei,2,0,0,0.00,4.09,4.09,4.09,-,-,Puma
Switzerland,12,Puma,MF,14,"Jan 6, 1997",Bologna,Michel Aebischer,1,0,0,0.00,0.00,6.43,N.A,-,-,Adidas
Switzerland,12,Puma,MF,26,"Jun 30, 2002",Luzern,Ardon Jashari,N.A,N.A,N.A,N.A,N.A,N.A,N.A,-,-,Puma
Switzerland,12,Puma,MF,25,"Feb 16, 2002",Young Boys,Fabian Rieder,2,0,0,1.34,0.00,4.03,8.06,-,-,Nike
Switzerland,12,Puma,FW,9,"Feb 22, 1992",Galatasaray,Haris Seferovic,3,0,0,0.00,0.00,0.00,0.00,-,-,Puma
Switzerland,12,Puma,FW,7,"Feb 14, 1997",Monaco,Breel Embolo,4,2,0,1.38,0.00,0.28,4.68,-,-,Nike
Switzerland,12,Puma,FW,17,"Aug 5, 1998",Augsburg,Ruben Vargas,4,0,1,1.56,0.31,0.00,3.13,-,-,Nike
Switzerland,12,Puma,FW,16,"Nov 11, 1993",Young Boys,Christian Fassnacht,1,0,0,N.A,0.00,0.00,N.A,-,-,Nike
Switzerland,12,Puma,FW,19,"May 24, 2000",Red Bull Salzburg,Noah Okafor,3,0,0,2.14,0.00,0.00,2.14,-,-,Nike
Ecuador ,41,Marathon,GK,1,"March 30, 1987",Aucas,Hernan Galindez,N.A,N.A,N.A,N.A,N.A,N.A,N.A,N.A,N.A,Nike
Ecuador ,41,Marathon,GK,12,"September 9, 2000",Independiente del Valle,Moises Ramirez,N.A,N.A,N.A,N.A,N.A,N.A,N.A,N.A,N.A,Nike
Ecuador ,41,Marathon,GK,22,"June 5, 1987",LDU Quito,Alexander Dominguez,N.A,N.A,N.A,N.A,N.A,N.A,N.A,N.A,N.A,Adidas
Ecuador ,41,Marathon,DF,2,"January 11, 1997",Santos Laguna,Felix Torres,3,0,1,0.33,1.33,0.67,6.67,-,-,Adidas
Ecuador ,41,Marathon,DF,3,"January 9, 2002",Bayer Leverkusen,Piero Hincapie,3,0,0,0.00,0.67,2.33,6.00,-,-,Adidas
Ecuador ,41,Marathon,DF,4,"October 22, 1991",Sao Paulo,Robert Arboleda,N.A,N.A,N.A,N.A,N.A,N.A,N.A,-,-,Nike
Ecuador ,41,Marathon,DF,6,"October 16, 2001",Antwerp,William Pacho,N.A,N.A,N.A,N.A,N.A,N.A,N.A,-,-,Nike
Ecuador ,41,Marathon,DF,7,"January 21, 1998",Brighton,Pervis Estupinan,3,0,0,2.33,1.00,2.33,6.00,-,-,Nike
Ecuador ,41,Marathon,DF,14,"September 28, 1994",Seattle Sounders FC,Xavier Arreaga,N.A,N.A,N.A,N.A,N.A,N.A,N.A,-,-,Adidas
Ecuador ,41,Marathon,DF,17,February 18 1998,Genk,Angelo Preciado,3,0,1,0.34,1.70,2.38,5.10,-,-,Nike
Ecuador ,41,Marathon,DF,18,"July 12, 1999",Los Angeles FC,Diego Palacios,N.A,N.A,N.A,N.A,N.A,N.A,N.A,-,-,Nike
Ecuador ,41,Marathon,DF,25,"August 4, 2000",Troyes,Jackson Porozo,2,0,0,0.00,2.84,1.89,5.69,-,-,Nike
Ecuador ,41,Marathon,MF,5,"March 12, 1999",Los Angeles FC,Jose Cifuentes,N.A,N.A,N.A,N.A,N.A,N.A,N.A,-,-,Nike
Ecuador ,41,Marathon,MF,8,"April 19, 1995",FC Augsburg,Carlos Gruezo,1,0,0,0.00,0.00,3.91,3.91,-,-,Nike
Ecuador ,41,Marathon,MF,15,"January 21, 1988",Leon,Angel Mena,N.A,N.A,N.A,N.A,N.A,N.A,N.A,-,-,Adidas
Ecuador ,41,Marathon,MF,16,"June 16, 2002",Brighton,Jeremy Sarmiento,3,0,0,N.A,N.A,N.A,N.A,-,-,Adidas
Ecuador ,41,Marathon,MF,19,"November 1, 2000",Real Valladolid,Gonzalo Plata,3,0,0,4.00,0.67,1.00,7.67,-,-,Nike
Ecuador ,41,Marathon,MF,20,"April 26, 1997",Los Angeles FC,Jhegson Mendez,N.A,N.A,N.A,N.A,N.A,N.A,N.A,-,-,Nike
Ecuador ,41,Marathon,MF,21,"August 21, 1998",Talleres,Alan Franco,N.A,N.A,N.A,N.A,N.A,N.A,N.A,-,-,Nike
Ecuador ,41,Marathon,MF,23,"November 2, 2001",Brighton,Moises Caicedo,3,1,0,0.00,0.67,2.00,4.33,-,-,Nike
Ecuador ,41,Marathon,MF,26,"March 4, 2000",Imbabura,Kevin Rodriguez,N.A,N.A,N.A,N.A,N.A,N.A,N.A,-,-,Nike
Ecuador ,41,Marathon,FW,9,"July 17, 1994",Santos Laguna,Ayrton Preciado,N.A,N.A,N.A,N.A,N.A,N.A,N.A,-,-,Nike
Ecuador ,41,Marathon,FW,10,"September 24, 1994",Pachuca,Romario Ibarra,2,0,0,0.50,1.32,0.00,1.32,-,-,Adidas
Ecuador ,41,Marathon,FW,11,"April 7, 1996",Cruz Azul,Michael Estrada,3,0,0,0.79,0.00,0.39,N.A,-,-,Nike
Ecuador ,41,Marathon,FW,13,"November 4, 1989",Fenerbahce,Enner Valencia,3,3,0,2.10,0.35,0.70,5.25,-,-,Nike
Ecuador ,41,Marathon,FW,24,"January 18, 1999",Newell's Old Boys,Djorkaeff Reasco,1,0,0,0.00,0.00,0.00,0.00,-,-,Nike
Qatar,60,Nike,GK,1,"Feb 19, 1990",Al-Sadd,Saad Al Sheeb,1,-,-,-,-,-,-,33.33%,0%,Adidas
Qatar,60,Nike,GK,22,"Feb 14, 1998",Al-Sadd,Meshaal Barsham,N.A,N.A,N.A,N.A,N.A,N.A,N.A,N.A,N.A,Nike
Qatar,60,Nike,GK,21,"May 24, 1996",Al-Gharafa,Yousef Hassan,N.A,N.A,N.A,N.A,N.A,N.A,N.A,N.A,N.A,Adidas
Qatar,60,Nike,DF,3,"Aug 28, 1993",Al-Sadd,Abdelkarim Hassan,N.A,N.A,N.A,N.A,N.A,N.A,N.A,-,-,Nike
Qatar,60,Nike,DF,16,"Sep 7, 1990",Al-Sadd,Boualem Khoukhi,3,0,0,0.33,1.00,0.67,2.33,-,-,Adidas
Qatar,60,Nike,DF,2,"Aug 6, 1990",Al-Sadd,Pedro Miguel,3,0,0,1.03,2.74,2.05,6.51,-,-,Nike
Qatar,60,Nike,DF,5,"Dec 5, 1997",Al-Sadd,Tarek Salman,1,0,0,0.00,N.A,N.A,N.A,-,-,Adidas
Qatar,60,Nike,DF,,"Dec 16, 1997",Al-Duhail,Bassam Al-Rawi,1,0,0,0.00,0.00,0.00,4.00,-,-,Nike
Qatar,60,Nike,DF,13,"Sep 26, 1993",Al-Sadd,Musab Kheder,N.A,N.A,N.A,N.A,N.A,N.A,N.A,-,-,Nike
Qatar,60,Nike,DF,14,"Aug 25, 1999",Al-Gharafa,Homam Ahmed,N.A,N.A,N.A,N.A,N.A,N.A,N.A,-,-,Nike
Qatar,60,Nike,DF,25,"Feb 20, 2002",Al-Arabi,Jassem Gaber,N.A,N.A,N.A,N.A,N.A,N.A,N.A,-,-,Nike
Qatar,60,Nike,MF,12,"Sep 16, 1990",Al-Duhail,Karim Boudiaf,3,0,0,1.95,0.00,0.97,8.76,-,-,Adidas
Qatar,60,Nike,MF,20,"Apr 10, 1996",-,Salem Al-Hajri,N.A,N.A,N.A,N.A,N.A,N.A,N.A,-,-,Adidas
Qatar,60,Nike,MF,6,"Oct 28, 1990",Al-Rayyan,Abdulaziz Hatem,3,0,0,0.00,0.46,0.46,1.84,-,-,Adidas
Qatar,60,Nike,MF,8,"Jan 19, 1993",Al-Sadd,Ali Assadalla,N.A,N.A,N.A,N.A,N.A,N.A,N.A,-,-,Adidas
Qatar,60,Nike,MF,4,"Sep 18, 1999",Al-Sadd,Mohammed Waad,N.A,N.A,N.A,N.A,N.A,N.A,N.A,-,-,Adidas
Qatar,60,Nike,MF,23,"Oct 22, 1996",Al-Duhail,Assim Madibo,N.A,N.A,N.A,N.A,N.A,N.A,N.A,-,-,Nike
Qatar,60,Nike,MF,26,"Mar 28, 2001",Al-Sadd,Mustafa Tarek,N.A,N.A,N.A,N.A,N.A,N.A,N.A,-,-,N.A
Qatar,60,Nike,FW,10,"Dec 11, 1990",Al-Sadd,Hassan Al-Haydos,3,0,0,2.14,0.86,1.29,1.71,-,-,Nike
Qatar,60,Nike,FW,11,"Nov 18, 1996",Al-Sadd,Akram Afif,3,0,0,1.67,0.00,0.00,3.33,-,-,Adidas
Qatar,60,Nike,FW,19,"Aug 19, 1996",Al-Duhail,Almoez Ali,3,0,0,1.19,0.40,0.40,3.19,-,-,Nike
Qatar,60,Nike,FW,17,"Apr 5, 1990",Al-Duhail,Ismaeel Mohammada,N.A,N.A,N.A,N.A,N.A,N.A,N.A,-,-,Nike
Qatar,60,Nike,FW,9,"Dec 20, 1993",Al-Duhail,Mohammed Muntari,N.A,N.A,N.A,N.A,N.A,N.A,N.A,-,-,Nike
Qatar,60,Nike,FW,7,"Jan 31, 1993",Al-Gharafa,Ahmed Alaaeldin,1,0,0,0.00,0.00,0.00,0.00,-,-,Nike
Qatar,60,Nike,FW,18,"Feb 24, 1998",Al-Wakrah,Khalid Muneer,N.A,N.A,N.A,N.A,N.A,N.A,N.A,-,-,Nike
Qatar,60,Nike,FW,24,"Jul 18, 2001",Al-Rayyan,Naif Al-Hadhrami,N.A,N.A,N.A,N.A,N.A,N.A,N.A,-,-,Adidas
Iran,24,Majid,GK,1,"Sep 12, 1992",Persepolis,Alireza Beiranvand,2,-,-,-,-,-,-,80.00%,0%,Adidas
Iran,24,Majid,GK,22,"Apr 26, 1993",Ponferradina,Amir Absedzadeh,0,-,-,-,-,-,-,-,-,Adidas
Iran,24,Majid,GK,24,"May 30, 1992",Esteghlal,Hossein Hosseini,2,-,-,-,-,-,-,50.00%,50%,Adidas
Iran,24,Majid,GK,12,"Apr 6, 1995",Sepahann,Payam Niazmand,N.A,N.A,N.A,N.A,N.A,N.A,N.A,-,-,Adidas
Iran,24,Majid,DF,3,"Feb 25, 1990",AEK Athens,Ehsan Hajsafi,3,0,0,0.76,0.76,3.03,5.68,-,-,Adidas
Iran,24,Majid,DF,13,"Mar 23, 1994",Al Ahli,Hossein Kanaani,1,0,0,0.00,2.05,0.00,2.05,-,-,Nike
Iran,24,Majid,DF,8,"Apr 19, 1992",Persepolis,Morteza Pouraliganji,3,0,0,0.00,2.00,0.67,7.66,-,-,Adidas
Iran,24,Majid,DF,23,"Mar 21, 1990",Sepahan,Ramin Rezaeian,2,1,0,0.50,1.50,3.50,6.50,-,-,Nike
Iran,24,Majid,DF,5,"Sep 29, 1993",AEK Athens,Milad Mohammadi,3,0,0,0.45,0.45,4.55,7.72,-,-,Nike
Iran,24,Majid,DF,4,"May 31, 1989",Al-Ahli,Shojae Khalilzadeh,N.A,N.A,N.A,N.A,N.A,N.A,N.A,-,-,Nike
Iran,24,Majid,DF,2,"Mar 24, 1996",Dinamo Zagreb,Sadegh Moharrami,1,0,0,0.00,1.00,1.00,3.00,-,-,Nike
Iran,24,Majid,DF,19,"Jun 20, 1996",Kayserispor,Majid Hosseini,3,0,0,0.00,2.00,2.00,6.33,-,-,Adidas
Iran,24,Majid,DF,25,"Jun 26, 1998",Esteghlal,Abolfazi Jalali,1,0,0,1.00,0.00,0.00,0.00,-,-,Nike
Iran,24,Majid,MF,11,"Apr 2, 1988",Persepolis,Vahid Amiri,N.A,N.A,N.A,N.A,N.A,N.A,N.A,-,-,Nike
Iran,24,Majid,MF,7,"Aug 11, 1993",Feyenoord,Alireza Jahanbakhsh,2,0,0,1.53,1.53,1.53,3.05,-,-,Adidas
Iran,24,Majid,MF,6,"Oct 1, 1996",Vejle,Saeid Ezatolahi,N.A,N.A,N.A,N.A,N.A,N.A,N.A,-,-,Nike
Iran,24,Majid,MF,16,"Sep 10, 1994",Persepolis,Mehdi Torabi,3,0,0,3.05,3.05,1.53,3.05,-,-,Nike
Iran,24,Majid,MF,15,"Jun 24, 1993",Esteghlal,Rouzbeh Cheshmi,2,1,0,0.00,3.05,0.00,3.06,-,-,Adidas
Iran,24,Majid,MF,14,"Sep 6, 1993",Brentford,Saman Ghoddos,1,0,0,0.00,0.00,2.05,2.05,-,-,Nike
Iran,24,Majid,MF,17,"Mar 10, 1996",Charleroi,Ali Gholizadeh,3,0,1,3.18,1.36,0.00,1.82,-,-,Nike
Iran,24,Majid,MF,21,"Jan 2, 1993",Shabab Al-Ahli,Ahmad Nourollahi,3,0,0,0.80,2.40,2.00,3.20,-,-,Nike
Iran,24,Majid,MF,18,"Feb 11, 1994",Kayserispor,Ali Karimi,3,0,0,0.00,2.76,2.76,9.19,-,-,Puma
Iran,24,Majid,FW,10,"Apr 3, 1990",Omonia,Karim Ansarifard,2,0,0,0.00,2.57,0.00,0.00,-,-,Nike
Iran,24,Majid,FW,20,"Jan 1, 1995",Bayer Leverkusen,Sardar Azmoun,3,0,0,0.71,0.00,0.00,6.37,-,-,Nike
Iran,24,Majid,FW,9,"Jul 18, 1992",Porto,Mehdi Taremi,3,2,1,1.67,0.67,1.33,6.34,-,-,Adidas
Wales,28,Adidas,GK,12,"Jun 22, 1993",Leicester City,Danny Ward,2,-,-,-,-,-,-,57.14%,0%,Nike
Wales,28,Adidas,GK,1,"Jan 24, 1987",Nottingham Forest,Wayne Hennessey,2,-,-,-,-,-,-,83.33%,0%,Nike
Wales,28,Adidas,GK,21,"Jul 17, 1992",Sheffield United,Adam Davies,0,-,-,-,-,-,-,N.A,N.A,Nike
Wales,28,Adidas,DF,4,"April 24, 1993",Tottenham,Ben Davies,3,0,0,1.13,0.38,1.51,8.67,-,-,Adidas
Wales,28,Adidas,DF,24,"May 30, 2000",Swansea City,Ben Cabango,N.A,N.A,N.A,N.A,N.A,N.A,N.A,-,-,Adidas
Wales,28,Adidas,DF,6,"Oct 22, 1997",Rennes,Joe Rodon,3,0,0,0.00,1.33,0.67,2.00,-,-,Nike
Wales,28,Adidas,DF,5,"Nov 5, 1997",Bournemouth,Chris Mepham,3,0,0,0.00,0.33,2.33,7.33,-,-,Adidas
Wales,28,Adidas,DF,15,"Sept 14, 2000",Spezia,Ethan Ampadu,3,0,0,0.70,1.40,1.40,4.90,-,-,Nike
Wales,28,Adidas,DF,2,"July 21, 1989",AFC Wimbledon,Chris Gunter,N.A,N.A,N.A,N.A,N.A,N.A,N.A,-,-,Adidas
Wales,28,Adidas,DF,3,"April 13, 2001",Nottingham Forest,Neco Williams,3,0,0,1.32,1.76,2.20,6.59,-,-,Puma
Wales,28,Adidas,DF,14,"Sept 23, 1995",Burnley,Connor Roberts,3,0,0,0.00,0.45,1.34,2.69,-,-,Nike
Wales,28,Adidas,MF,22,"Jan 25, 1999",Huddersfield Town,Sorba Thomas,1,0,0,0.00,0.00,0.00,0.00,-,-,Nike
Wales,28,Adidas,MF,7,"Mar 14, 2000",Swansea City,Joe Allen,2,0,0,0.00,0.96,0.96,2.87,-,-,Nike
Wales,28,Adidas,MF,26,"Nov 22, 1999",MK Dons,Matthew Smith,N.A,N.A,N.A,N.A,N.A,N.A,N.A,-,-,Nike
Wales,28,Adidas,MF,23,"Nov 17, 2000",Dundee United,Dylan Levitt,N.A,N.A,N.A,N.A,N.A,N.A,N.A,-,-,Puma
Wales,28,Adidas,MF,8,"Mar 22, 1997",Fulham,Harry Wilson,3,0,0,0.00,0.56,2.25,4.50,-,-,Adidas
Wales,28,Adidas,MF,16,"Jan 3, 1997",Portsmouth,Joe Morrell,2,0,0,0.00,2.90,N.A,N.A,-,-,Nike
Wales,28,Adidas,MF,18,"Oct 9, 1993",Swindon Town,Jonny Williams,N.A,N.A,N.A,N.A,N.A,N.A,N.A,-,-,Adidas
Wales,28,Adidas,MF,10,"Dec 26, 1990",Nice,Aaron Ramsey,3,0,0,2.36,0.00,0.67,2.36,-,-,Nike
Wales,28,Adidas,FW,25,"Apr 27, 2000",Cardiff City,Rubin Colwill,1,0,0,0.00,0.00,0.00,0.00,-,-,Adidas
Wales,28,Adidas,FW,11,"Jul 16, 1989",Los Angeles FC,Gareth Bale,3,1,0,0.80,0.40,0.40,5.97,-,-,Adidas
Wales,28,Adidas,FW,13,"Aug 8, 1992",Bournemouth,Kieffer Moore,3,0,0,0.00,0.80,0.40,10.85,-,-,Adidas
Wales,28,Adidas,FW,19,"Dec 29, 1998",Cardiff City,Mark Harris,N.A,N.A,N.A,N.A,N.A,N.A,N.A,-,-,Nike
Wales,28,Adidas,FW,9,"May 23, 2001",Nottingham Forest,Brennan Johnson,3,0,0,4.00,0.00,0.00,0.00,-,-,Adidas
Wales,28,Adidas,FW,20,"Nov 10, 1997",Fulham,Dan James,3,0,0,0.58,0.58,0.58,1.73,-,-,Adidas
Mexico ,15,Adidas,GK,13,"Jul 13, 1985",America,Guillermo Ochoa,3,-,-,-,-,-,-,50%,33%,Nike
Mexico ,15,Adidas,GK,1,"Sep 18, 1982",Juarez,Alfredo Talavera,0,-,-,-,-,-,-,-,-,Pirma
Mexico ,15,Adidas,GK,12,"Jul 3, 1987",Leon,Rodolfo Cota,0,-,-,-,-,-,-,-,-,Pirma
Mexico ,15,Adidas,DF,15,"Jan 17, 1988",Monterrey,Hector Moreno,3,0,0,0.00,0.33,0.67,5.00,-,-,Charly
Mexico ,15,Adidas,DF,23,"Aug 15, 1994",Monterrey,Jesus Gallardo,3,0,0,1.33,0.33,3.00,5.00,-,-,Nike
Mexico ,15,Adidas,DF,2,"Aug 29, 1991",America,Nestor Araujo,1,0,0,0.00,3.00,1.00,1.00,-,-,Nike
Mexico ,15,Adidas,DF,3,"Feb 24, 1997",Monterrey,Cesar Montes,3,0,1,0.67,0.67,2.00,7.33,-,-,Adidas
Mexico ,15,Adidas,DF,19,"Dec 10, 1997",Ajax,Jorge Sanchez,2,0,0,2.56,1.02,0.51,4.70,-,-,Nike
Mexico ,15,Adidas,DF,6,"Sep 7, 1998",Genk,Gerardo Arteaga,N.A,N.A,N.A,N.A,N.A,N.A,N.A,-,-,Nike
Mexico ,15,Adidas,DF,26,"Jan 15, 1999",Pachuca,Kevin Alvarez,2,0,0,3.86,1.29,1.29,3.86,-,-,Adidas
Mexico ,15,Adidas,DF,5,"Oct 22, 1998",Cremonese,Johan Vasquez,N.A,N.A,N.A,N.A,N.A,N.A,N.A,-,-,Nike
Mexico ,15,Adidas,MF,18,"Sep 28, 1986",Real Betis,Andres Guardado,1,0,0,0.00,0.00,8.57,8.57,-,-,Adidas
Mexico ,15,Adidas,MF,16,"Apr 19, 1990",Houston Dynamo,Hector Herrera,3,0,0,0.00,0.33,0.67,5.00,-,-,Nike
Mexico ,15,Adidas,MF,4,"Oct 24, 1997",Ajax,Edson Alvarez,2,0,0,0.51,2.05,1.02,13.29,-,-,Adidas
Mexico ,15,Adidas,MF,17,"Mar 24, 1996",AEK Athens,Orbelin Pineda,1,0,0,1.17,0.00,4.68,9.35,-,-,Adidas
Mexico ,15,Adidas,MF,21,"Aug 21, 1997",Cruz Azul,Uriel Antuna,3,0,0,0.00,0.00,4.86,6.08,-,-,Nike
Mexico ,15,Adidas,MF,14,"Jun 15, 1995",PSV,Erick Gutierrez,1,0,0,0.00,3.75,1.88,N.A,-,-,Adidas
Mexico ,15,Adidas,MF,8,"Jan 3, 1997",Cruz Azul,Carlos Rodriguez,2,0,0,2.00,0.00,0.00,8.44,-,-,Nike
Mexico ,15,Adidas,MF,25,"Sep 7, 1998",Guadalajara,Roberto Alvarado,1,0,0,1.00,0.00,0.00,10.58,-,-,Nike
Mexico ,15,Adidas,MF,7,"Jun 5, 1995",Monterrey,Luis Romo,N.A,N.A,N.A,N.A,N.A,N.A,N.A,-,-,Adidas
Mexico ,15,Adidas,MF,10,"Nov 25, 1997",Guadalajara,Alexis Vega,3,0,0,1.38,0.46,0.00,4.13,-,-,Nike
Mexico ,15,Adidas,MF,24,"Jan 15, 1996",Pachuca,Luis Chavez,3,1,0,1.33,0.00,0.33,7.00,-,-,Nike
Mexico ,15,Adidas,FW,9,"May 5, 1991",Wolves,Raul Jimenez,3,0,0,0.00,1.61,0.00,11.25,-,-,Nike
Mexico ,15,Adidas,FW,22,"Jul 30, 1995",Napoli,Hirving Lozano,3,0,0,2.49,0.00,2.49,8.54,-,-,Nike
Mexico ,15,Adidas,FW,20,"Nov 18, 1992",America,Henry Martin,2,1,0,0.00,1.82,0.61,6.08,-,-,Adidas
Mexico ,15,Adidas,FW,11,"Mar 5, 1991",Monterrey,Rogelio Funes Mori,1,0,0,0.00,0.00,N.A,N.A,-,-,Puma
Saudi Arabia,49,Nike,GK,21,"Oct 10, 1991",Al-Hilal,Mohammed Al-Owais,3,-,-,-,-,-,-,73.68%,0%,Adidas
Saudi Arabia,49,Nike,GK,1,"Aug 14, 1997",Al-Ahli,Mohammed Al Yami,0,-,-,-,-,-,-,-,-,Adidas
Saudi Arabia,49,Nike,GK,22,"May 10, 2000",Al-Nassr,Nawaf Al-Aqidi,0,-,-,-,-,-,-,-,-,Nike
Saudi Arabia,49,Nike,DF,13,"May 25, 1992",Al-Hilal,Yasser Al-Shahrani,1,0,0,0.00,6.00,3.00,3.00,-,-,Adidas
Saudi Arabia,49,Nike,DF,6,"Sep 15, 1992",Al-Hilal,Mohammed Al-Breik,2,0,0,0.00,0.00,1.38,5.53,-,-,Nike
Saudi Arabia,49,Nike,DF,5,"Nov 21, 1989",Al-Hilal,Ali Al-Bulaihi,3,0,0,0.00,1.24,1.66,4.56,-,-,Nike
Saudi Arabia,49,Nike,DF,2,"May 6, 1994",Al-Nassr,Sultan Al-Ghanam,3,0,0,1.44,1.44,0.00,0.00,-,-,Nike
Saudi Arabia,49,Nike,DF,12,"Jul 18, 1999",Al-Hilal,Saud Abdulhamid,3,0,0,1.00,0.33,1.67,6.66,-,-,Adidas
Saudi Arabia,49,Nike,DF,4,"Jan 15, 1997",Al-Nassr,Abdulelah Al-Amri,3,0,0,0.00,1.98,0.49,N.A,-,-,Adidas
Saudi Arabia,49,Nike,DF,17,"Feb 9, 1999",Al-Shabab,Hassan Tambakti,2,0,0,0.00,1.00,2.00,5.50,-,-,Nike
Saudi Arabia,49,Nike,DF,3,"Jul 15, 1993",Al-Nassr,Abdullah Madu,1,0,0,0.00,2.05,2.05,6.14,-,-,Nike
Saudi Arabia,49,Nike,MF,18,"Jan 26, 1990",Al-Shabab,Nawaf Alabid,2,0,0,0.66,2.09,0.00,6.28,-,-,Nike
Saudi Arabia,49,Nike,MF,7,"Aug 1, 1989",Al-Hilal,Salman Al-Faraj,1,0,0,0.00,0.00,2.00,2.00,-,-,Adidas
Saudi Arabia,49,Nike,MF,10,"Aug 19, 1991",Al-Hilal,Salem Al-Dawsari,3,2,0,2.33,0.33,1.67,3.66,-,-,Nike
Saudi Arabia,49,Nike,MF,14,"Aug 3, 1992",Al-Hilal,Abdullah Otayf,N.A,N.A,N.A,N.A,N.A,N.A,N.A,-,-,Nike
Saudi Arabia,49,Nike,MF,23,"Sep 22, 1994",Al-Hilal,Mohamed Kanno,N.A,N.A,N.A,N.A,N.A,N.A,N.A,-,-,Nike
Saudi Arabia,49,Nike,MF,8,"Oct 11, 1994",Al-Hilal,Abdulellah Al-Malki,2,0,0,0.00,1.54,2.06,4.11,-,-,Adidas
Saudi Arabia,49,Nike,MF,16,"Feb 7, 1997",Al-Nassr,Sami Al-Najei,1,0,0,0.00,0.00,0.00,0.00,-,-,Adidas
Saudi Arabia,49,Nike,MF,15,"Mar 4, 1997",Al-Nassr,Ali Al-Hassan,1,0,0,0.00,0.00,0.00,N.A,-,-,Nike
Saudi Arabia,49,Nike,MF,24,"Dec 19, 1998",Al-Hilal,Nasser Al-Dawsari,1,0,0,0.00,0.00,N.A,N.A,-,-,Nike
Saudi Arabia,49,Nike,MF,20,"Jun 1, 1995",Al-Ittihad,Abdulrahman Al-Aboud,2,0,0,0.66,0.00,N.A,N.A,-,-,Nike
Saudi Arabia,49,Nike,FW,9,"May 14, 2000",Al-Fateh,Firas Al-Buraikan,3,0,1,1.67,0.67,1.00,6.36,-,-,Nike
Saudi Arabia,49,Nike,FW,11,"Nov 1, 1993",Al-Hilal,Saleh Al-Shehri,3,1,0,0.80,0.00,1.20,8.00,-,-,Adidas
Saudi Arabia,49,Nike,FW,25,"Mar 25, 2001",Al-Ahli,Haitham Asiri,N.A,N.A,N.A,N.A,N.A,N.A,N.A,-,-,Nike
Denmark,18,Hummel,GK,1,"Nov 5, 1986",Nice,Kasper Schmeichel,3,-,-,-,-,-,-,72.73%,33%,Nike
Denmark,18,Hummel,GK,16,"Mar 22, 1999",Hertha Berlin,Oliver Christensen,0,-,-,-,-,-,-,-,-,Puma
Denmark,18,Hummel,GK,22,"Aug 4, 1992",Union Berlin,Frederik Ronnow,0,-,-,-,-,-,-,-,-,Adidas
Denmark,18,Hummel,DF,4,"Mar 26, 1989",AC Milan,Simon Kjaer,1,0,0,0.00,6.92,0.00,8.30,-,-,Nike
Denmark,18,Hummel,DF,6,"Apr 10, 1996",Barcelona,Andreas Christensen,3,1,0,0.00,1.33,1.67,6.00,-,-,Adidas
Denmark,18,Hummel,DF,17,"Feb 21, 1991",Trabzonspor,Jens Stryger Larsen,N.A,N.A,N.A,N.A,N.A,N.A,N.A,-,-,Adidas
Denmark,18,Hummel,DF,18,"May 31, 1989",Brondby,Daniel Wass,N.A,N.A,N.A,N.A,N.A,N.A,N.A,-,-,Adidas
Denmark,18,Hummel,DF,13,"July 11, 1997",Leeds United,Rasmus Kristensen,3,0,0,1.59,0.80,3.58,6.77,-,-,Adidas
Denmark,18,Hummel,DF,5,"May 20, 1997",Atalanta,Joakim Maehle,3,0,0,3.25,0.72,3.25,5.42,-,-,Adidas
Denmark,18,Hummel,DF,2,"May 31, 1996",Crystal Palace,Joachim Andersen,3,0,1,N.A,N.A,N.A,N.A,-,-,Nike
Denmark,18,Hummel,DF,8,"Sep 3, 1991",Sevilla,Thomas Delaney,1,0,0,0.00,0.00,0.00,8.00,-,-,Nike
Denmark,18,Hummel,DF,3,"Oct 14, 1998",Galatasaray,Victor Nelsson,1,0,0,0.00,2.00,0.00,10.00,-,-,Adidas
Denmark,18,Hummel,DF,26,"Dec 9, 1997",Benfica,Alexander Bah,2,0,0,0.50,4.06,N.A,N.A,-,-,Nike
Denmark,18,Hummel,MF,10,"Feb 14, 1992",Manchester United,Christian Eriksen,3,0,0,1.33,0.33,0.33,0.67,-,-,Nike
Denmark,18,Hummel,MF,15,"Mar 10, 1994",Brentford,Christian Norgaard,1,0,0,N.A,N.A,N.A,N.A,-,-,Puma
Denmark,18,Hummel,MF,23,"Aug 5, 1995",Tottenham,Pierre-Emile Hojbjerg,3,0,0,0.67,1.33,1.33,2.66,-,-,Adidas
Denmark,18,Hummel,MF,7,"Jan 1, 1996",Brentford,Mathias Jensen,N.A,N.A,N.A,N.A,N.A,N.A,N.A,-,-,Nike
Denmark,18,Hummel,FW,24,"May 20, 1996",Hoffenheim ,Robert Skov,1,0,0,1.00,0.00,0.00,0.00,-,-,Adidas
Denmark,18,Hummel,FW,9,"Jun 5, 1991",Espanyol,Martin Braithwaite,2,0,0,1.75,0.00,0.00,2.62,-,-,Nike
Denmark,18,Hummel,FW,21,"Mar 16, 1993",Copenhagen,Andreas Cornelius,3,0,0,0.98,0.00,0.00,N.A,-,-,Nike
Denmark,18,Hummel,FW,12,"Oct 6, 1997",Sevilla,Kasper Dolberg,3,0,0,1.59,0.00,0.80,3.19,-,-,Adidas
Denmark,18,Hummel,FW,11,"Dec 29, 1999",Club Brugge,Andreas Skov Olsen,2,0,0,1.34,0.00,0.00,2.01,-,-,Nike
Denmark,18,Hummel,FW,14,"Jul 3, 2000",Brentford,Mikkel Damsgaard,3,0,0,0.60,0.60,2.42,3.02,-,-,Nike
Denmark,18,Hummel,FW,19,"Feb 7, 1999",Wolfsburg,Jonas Wind,N.A,N.A,N.A,N.A,N.A,N.A,N.A,-,-,Nike
Denmark,18,Hummel,FW,25,"Feb 29, 2000",Eintracht Frankfurt,Jesper Lindstrom,3,0,0,5.40,0.00,0.45,4.95,-,-,Adidas
Denmark,18,Hummel,FW,20,"Jun 15, 1994",RB Leipzig,Yussuf Yurary Poulsen,N.A,N.A,N.A,N.A,N.A,N.A,N.A,-,-,Nike
Tunisia,30,Kappa,GK,16,"Jan 27, 1997",CS Sfaxien,Aymen Dahmen,N.A,N.A,N.A,N.A,N.A,N.A,N.A,N.A,N.A,Adidas
Tunisia,30,Kappa,GK,26,"Mar 5, 1995",Club Africain,Mouez Hassen,N.A,N.A,N.A,N.A,N.A,N.A,N.A,N.A,N.A,Nike
Tunisia,30,Kappa,GK,1,"Sep 14, 1984",Etoile du Sahel,Balbouli,N.A,N.A,N.A,N.A,N.A,N.A,N.A,N.A,N.A,Nike
Tunisia,30,Kappa,GK,22,"Nov 29, 1994",US Monastir,Bechir Ben Sa√Ød,N.A,N.A,N.A,N.A,N.A,N.A,N.A,N.A,N.A,Adidas
Tunisia,30,Kappa,DF,20,"Jun 25, 1996",Luzern,Mohamed Drager,2,0,0,1.34,0.67,3.36,7.38,-,-,Adidas
Tunisia,30,Kappa,DF,21,"Nov 5, 1995",Atromitos,Wajdi Kechrida,3,0,0,3.30,0.00,2.48,4.96,-,-,Nike
Tunisia,30,Kappa,DF,2,"Mar 9, 1990",Kuwait SC,Bilel Ifa,N.A,N.A,N.A,N.A,N.A,N.A,N.A,-,-,Nike
Tunisia,30,Kappa,DF,3,"May 26, 1998",Lorient,Montassar Talbi,3,0,0,0.00,0.33,1.00,7.00,-,-,Adidas
Tunisia,30,Kappa,DF,6,"Jun 19, 1995",Salernitana,Dylan Bronn,2,0,0,0.00,0.00,1.66,4.41,-,-,Nike
Tunisia,30,Kappa,DF,4,"Jul 2, 1993",Esperalace,Yassine Meriah,N.A,N.A,N.A,N.A,N.A,N.A,N.A,-,-,Nike
Tunisia,30,Kappa,DF,5,"Feb 18, 1995",Club Africain,Nader Ghandri,N.A,N.A,N.A,N.A,N.A,N.A,N.A,-,-,Puma
Tunisia,30,Kappa,DF,12,"Jan 1, 1990",Al Ahly,Ali Maaloul,1,0,0,0.00,0.00,1.00,1.00,-,-,Adidas
Tunisia,30,Kappa,DF,24,"Dec 20, 1993",Caen,Ali Abdi,N.A,N.A,N.A,N.A,N.A,N.A,N.A,-,-,Adidas
Tunisia,30,Kappa,MF,17,"May 10, 1995",FC Koln,Ellyes Skhiri,3,0,0,0.67,2.33,3.33,5.00,-,-,Nike
Tunisia,30,Kappa,MF,14,"Dec 13, 1996",Ferencvaros,Aissa Laidouni,3,0,1,1.10,1.10,1.10,1.47,-,-,Adidas
Tunisia,30,Kappa,MF,13,"Mar 18, 1992",Al-Duhail,Ferjani Sassi,2,0,0,1.00,1.96,3.91,N.A,-,-,Nike
Tunisia,30,Kappa,MF,18,"Feb 28, 1994",Esperance de Tunis,Ghailene Chaalali,N.A,N.A,N.A,N.A,N.A,N.A,N.A,-,-,Nike
Tunisia,30,Kappa,MF,8,"Jan 21, 2003",Manchester United,Hannibal Mejbri,1,0,0,0.00,N.A,N.A,N.A,-,-,Adidas
Tunisia,30,Kappa,MF,15,"Sep 6, 1999",Esperance de Tunis,Mohamed Ali Ben Romdhane,1,0,0,1.22,0.00,6.08,N.A,-,-,Nike
Tunisia,30,Kappa,FW,19,"Feb 12, 1993",Zamalek,Seifeddine Jaziri,N.A,N.A,N.A,N.A,N.A,N.A,N.A,-,-,Nike
Tunisia,30,Kappa,FW,26,"Jul 27, 1992",Al-Ettifaq,Naim Sliti,2,0,0,4.78,0.00,2.39,N.A,-,-,Adidas
Tunisia,30,Kappa,FW,11,"Jan 6, 1992",Kuwait SC,Taha Yassine Khenissi,2,0,0,0.00,0.00,0.00,3.33,-,-,Nike
Tunisia,30,Kappa,FW,25,"Mar 16, 2001",Brondby,Anis Ben Slimane,2,0,0,0.60,0.60,1.80,9.00,-,-,Nike
Tunisia,30,Kappa,FW,9,"Dec 25, 1991",OB,Issam Jebali,3,0,0,0.98,0.00,1.48,4.91,-,-,Mizuno
Tunisia,30,Kappa,FW,10,"Feb 8, 1991",Montpellier,Wahbi Khazri,2,1,0,1.00,0.00,2.17,4.34,-,-,Nike
Tunisia,30,Kappa,FW,7,"Oct 28, 1990",Al-Duhail,Youssef Msakni,2,0,0,2.65,0.00,1.59,9.00,-,-,Nike
Germany,14,Adidas,GK,1,"Mar 27, 1986",Bayern Munich,Manuel Neuer,3,-,-,-,-,-,-,61.54%,0%,Adidas
Germany,14,Adidas,GK,22,"Apr 30, 1992",Barcelona,Marc-Andre ter Stegen,0,-,-,-,-,-,-,-,-,Adidas
Germany,14,Adidas,GK,12,"Jul 8, 1990",Eintracht Frankfurt,Kevin Trapp,0,-,-,-,-,-,-,-,-,Adidas
Germany,14,Adidas,DF,2,"Mar 3, 1993",Real Madrid,Antonio Rudiger,3,0,0,0.00,0.00,0.67,5.67,-,-,Nike
Germany,14,Adidas,DF,4,"Jan 18, 1994",Freiburg,Matthias Ginter,N.A,N.A,N.A,N.A,N.A,N.A,N.A,-,-,Nike
Germany,14,Adidas,DF,15,"Sep 3, 1995",Borussia Dortmund,Niklas Sule,3,0,0,0.00,0.00,1.67,6.33,-,-,Nike
Germany,14,Adidas,DF,5,"Sep 21, 1996",West Ham,Thilo Kehrer,1,0,0,0.00,2.57,7.71,7.71,-,-,Nike
Germany,14,Adidas,DF,16,"Jun 3, 1996",RB Leipzig,Lukas Klostermann,2,0,0,0.00,0.00,4.22,4.22,-,-,Nike
Germany,14,Adidas,DF,3,"Apr 22, 1998",RB Leipzig,David Raum,3,0,1,1.11,2.58,1.84,7.37,-,-,Nike
Germany,14,Adidas,DF,20,"Feb 28, 1993",Freiburg,Christian Gunter,N.A,N.A,N.A,N.A,N.A,N.A,N.A,-,-,Puma
Germany,14,Adidas,DF,23,"Dec 1, 1999",Borussia Dortmund,Nico Schlotterbeck,2,0,0,1.94,0.97,3.87,8.71,-,-,Adidas
Germany,14,Adidas,DF,25,"Dec 11, 2001",Southampton,Armel Bella-Kotchap,N.A,N.A,N.A,N.A,N.A,N.A,N.A,-,-,Adidas
Germany,14,Adidas,MF,6,"Feb 8, 1995",Bayern Munich,Joshua Kimmich,3,0,0,1.67,1.33,1.67,4.67,-,-,Nike
Germany,14,Adidas,MF,11,"Jun 3, 1992",Eintracht Frankfurt,Mario Gotze,2,0,0,1.00,0.00,N.A,N.A,-,-,Nike
Germany,14,Adidas,MF,21,"Oct 24, 1990",Manchester City,Ilkay Gundogan,3,1,0,0.94,0.47,1.41,6.10,-,-,Adidas
Germany,14,Adidas,MF,8,"Feb 6, 1995",Bayern Munich,Leon Goretzka,3,0,0,0.00,0.57,2.83,7.93,-,-,Adidas
Germany,14,Adidas,MF,17,"May 2, 1996",Borussia Dortmund,Julian Brandt,N.A,N.A,N.A,N.A,N.A,N.A,N.A,-,-,Nike
Germany,14,Adidas,MF,7,"Jun 11, 1999",Chelsea,Kai Havertz,2,2,0,0.00,0.87,0.87,0.87,-,-,Nike
Germany,14,Adidas,MF,14,"Feb 26, 2003",Bayern Munich,Jamal Musiala,3,0,1,10.08,0.35,0.35,9.04,-,-,Nike
Germany,14,Adidas,MF,18,"Jul 14, 1992",Borussia Monchengladbach,Jonas Hofmann,2,0,0,3.21,0.00,0.00,0.00,-,-,Puma
Germany,14,Adidas,FW,13,"Sep 13, 1989",Bayern Munich,Thomas Muller,3,0,0,0.00,0.44,0.89,2.21,-,-,Adidas
Germany,14,Adidas,FW,19,"Jan 11, 1996",Bayern Munich,Leroy Sane,2,0,1,4.09,0.00,0.82,3.87,-,-,Nike
Germany,14,Adidas,FW,10,"Jul 14, 1995",Bayern Munich,Serge Gnabry,3,1,1,1.70,68.00,1.70,3.40,-,-,Adidas
Germany,14,Adidas,FW,24,"Jan 18, 2002",Borussia Dortmund,Karim Adeyemi,N.A,N.A,N.A,N.A,N.A,N.A,N.A,-,-,Nike
Germany,14,Adidas,FW,9,"Feb 9, 1993",Werder Bremen,Niclas Fullkrug,3,2,1,0.33,0.00,0.00,13.63,-,-,Nike
Germany,14,Adidas,FW,26,"Nov 20, 2004",Borussia Dortmund,Youssoufa Moukoko,1,0,0,0.00,0.00,0.00,0.00,-,-,Nike
Costa Rica,32,New Balance,GK,1,"Dec 15, 1986",PSG,Keylor Navas,3,-,-,-,-,-,-,50%,33%,Adidas
Costa Rica,32,New Balance,GK,18,"Apr 28, 1989",Herediano,Esteban Alvarado,0,-,-,-,-,-,-,-,-,Adidas
Costa Rica,32,New Balance,GK,23,"Mar 1, 1999",Lugo,Patrick Sequeira,0,-,-,-,-,-,-,-,-,Nike
Costa Rica,32,New Balance,DF,8,"Feb 18, 1990",Real Salt Lake,Bryan Oviedo,N.A,N.A,N.A,N.A,N.A,N.A,N.A,-,-,Nike
Costa Rica,32,New Balance,DF,6,"Jun 3, 1989",Al-Wehda,Oscar Duarte,3,0,0,0.00,2.33,1.33,2.67,-,-,Adidas
Costa Rica,32,New Balance,DF,19,"Jan 1, 1988",Aprissa,Kendall Waston,3,0,0,0.00,2.01,2.81,6.02,-,-,New Balance
Costa Rica,32,New Balance,DF,22,"Jul 9, 1994",Cincinnati,Ronald Matarrita,N.A,N.A,N.A,N.A,N.A,N.A,N.A,-,-,Nike
Costa Rica,32,New Balance,DF,4,"Jul 12, 1994",Herediano,Keysher Fuller,3,1,0,0.71,0.71,1.77,3.54,-,-,Nike
Costa Rica,32,New Balance,DF,3,"Jun 6, 1995",Millonarios,Juan Pablo Vargas,N.A,N.A,N.A,N.A,N.A,N.A,N.A,-,-,Nike
Costa Rica,32,New Balance,DF,16,"Mar 30, 1999",San Carlos,Carlos Martinez,1,0,0,0.00,1.96,1.96,5.87,-,-,Nike
Costa Rica,32,New Balance,MF,5,"May 27, 1988",Alajuelense,Celso Borges,3,0,0,0.72,1.79,1.79,6.81,-,-,Nike
Costa Rica,32,New Balance,MF,10,"Aug 18, 1985",Alajuelense,Bryan Ruiz,N.A,N.A,N.A,N.A,N.A,N.A,N.A,-,-,Adidas
Costa Rica,32,New Balance,MF,17,"Mar 17, 1992",Herediano,Yeltsin Tejeda,3,1,1,33.00,0.33,1.33,4.66,-,-,Nike
Costa Rica,32,New Balance,MF,13,"Aug 28, 1997",Herediano,Gerson Torres,1,0,0,0.00,0.00,0.00,11.08,-,-,Nike
Costa Rica,32,New Balance,MF,9,"Jun 15, 2004",Sunderland,Jewison Bennette,3,0,0,3.53,0.00,0.00,2.65,-,-,Nike
Costa Rica,32,New Balance,MF,2,"Apr 11, 2001",Colorado Rapids,Daniel Chacon,N.A,N.A,N.A,N.A,N.A,N.A,N.A,-,-,Adidas
Costa Rica,32,New Balance,MF,14,"Jun 17, 1996",Saprissa,Youstin Salas,N.A,N.A,N.A,N.A,N.A,N.A,N.A,-,-,Puma
Costa Rica,32,New Balance,MF,24,"May 1, 2002",Municipal Grecia,Roan Wilson,1,0,0,0.00,0.00,0.00,0.00,-,-,Adidas
Costa Rica,32,New Balance,MF,20,"Jun 28, 2003",Nottingham Forest,Brandon Aguilera,3,0,0,N.A,N.A,N.A,N.A,-,-,Nike
Costa Rica,32,New Balance,MF,21,"Sep 21, 1998",Herediano,Douglas Lopez,N.A,N.A,N.A,N.A,N.A,N.A,N.A,-,-,Nike
Costa Rica,32,New Balance,MF,25,"Oct 11, 2001",Puntarenas,Anthony Hernandez,N.A,N.A,N.A,N.A,N.A,N.A,N.A,-,-,Nike
Costa Rica,32,New Balance,MF,26,"Mar 9, 2002",Saprissa,Alvaro Zamora,N.A,N.A,N.A,N.A,N.A,N.A,N.A,-,-,Nike
Costa Rica,32,New Balance,FW,12,"Jun 26, 1992",Leon,Joel Campbell,3,0,0,3.00,0.00,3.00,12.00,-,-,Pima
Costa Rica,32,New Balance,FW,11,"Nov 27, 1988",Alajuelense,Johan Venegas,1,0,0,1.22,0.00,0.00,1.22,-,-,Nike
Costa Rica,32,New Balance,FW,7,"Jan 29, 2000",Herediano,Anthony Contreras,3,0,0,0.00,0.71,3.57,11.43,-,-,Nike
Belgium,4,Adidas,GK,1,"May 11, 1992",Real Madrid,Thibaut Courtois,3,-,-,-,-,-,-,81.82%,67%,Nike
Belgium,4,Adidas,GK,12,"Mar 6, 1988",Club Brugge,Simon Mignolet,0,-,-,-,-,-,-,-,-,Nike
Belgium,4,Adidas,GK,13,"Jun 25, 1992",Wolfsburg,Koen Casteels,0,-,-,-,-,-,-,-,-,Nike
Belgium,4,Adidas,DF,2,"Mar 2, 1989",Antwerp,Toby Alderweireld,3,0,1,0.00,0.00,1.33,2.00,-,-,Nike
Belgium,4,Adidas,DF,3,"May 25, 2000",Rennes,Arthur Theate,N.A,N.A,N.A,N.A,N.A,N.A,N.A,-,-,Puma
Belgium,4,Adidas,DF,26,"Oct 24, 2003",Anderlecht,Zeno Debast,N.A,N.A,N.A,N.A,N.A,N.A,N.A,-,-,Nike
Belgium,4,Adidas,DF,5,"Apr 24, 1987",Anderlecht,Jan Vertonghen,3,0,0,0.00,1.67,0.00,9.34,-,-,Nike
Belgium,4,Adidas,DF,4,"Apr 3, 1998",Leicester City,Wout Faes,N.A,N.A,N.A,N.A,N.A,N.A,N.A,-,-,Nike
Belgium,4,Adidas,DF,21,"Dec 5, 1995",Leicester,Timothy Castagne,3,0,0,0.33,0.67,2.00,4.33,-,-,Adidas
Belgium,4,Adidas,DF,15,"Sep 12, 1991",Borussia Dortmund,Thomas Meunier,3,0,0,0.85,0.85,2.55,5.10,-,-,Adidas
Belgium,4,Adidas,MF,16,"Mar 29, 1993",Borussia Dortmund,Thorgan Hazard,2,0,0,1.70,0.00,2.55,4.25,-,-,Nike
Belgium,4,Adidas,MF,7,"Jun 28, 1991",Manchester City,Kevin De Bruyne,3,0,0,1.67,0.00,0.33,4.33,-,-,Nike
Belgium,4,Adidas,MF,11,"Sep 4, 1993",Atletico Madrid,Yannick Carrasco,2,0,0,2.29,0.76,3.81,6.10,-,-,Nike
Belgium,4,Adidas,MF,19,"Apr 15, 1995",Aston Villa,Leander Dendoncker,N.A,N.A,N.A,N.A,N.A,N.A,N.A,-,-,Nike
Belgium,4,Adidas,MF,8,"May 7, 1997",Leicester City,Youri Tielemans,3,0,0,0.00,1.91,2.87,7.65,-,-,Nike
Belgium,4,Adidas,MF,20,"Aug 24, 1992",Club Brugge,Hans Vanaken,N.A,N.A,N.A,N.A,N.A,N.A,N.A,-,-,Nike
Belgium,4,Adidas,MF,6,"Jan 12, 1989",Atletico Madrid,Axel Witsel,3,0,0,0.00,1.33,1.33,5.66,-,-,Puma
Belgium,4,Adidas,MF,22,"Mar 10, 2001",AC Milan,Charles De Ketelaere,1,0,0,N.A,N.A,N.A,N.A,-,-,Adidas
Belgium,4,Adidas,FW,25,"May 27, 2002",Rennes,Jeremy Doku,N.A,N.A,N.A,N.A,N.A,N.A,N.A,-,-,Nike
Belgium,4,Adidas,FW,10,"Jan 7, 1991",Real Madrid,Eden Hazard,2,0,0,5.04,0.72,0.00,9.36,-,-,Nike
Belgium,4,Adidas,FW,14,"May 6, 1987",Galatasaray,Dries Mertens,2,0,0,1.18,0.00,2.37,3.55,-,-,Nike
Belgium,4,Adidas,FW,17,"Dec 4, 1994",Brighton,Leandro Trossard,3,0,0,3.53,0.00,0.00,1.76,-,-,Adidas
Belgium,4,Adidas,FW,23,"Oct 2, 1993",Fenerbahce,Michy Batshuayi,2,1,0,1.76,0.00,0.59,3.04,-,-,Adidas
Belgium,4,Adidas,FW,24,"Feb 16, 2000",Lens,Lois Openda,1,0,0,1.00,0.00,7.50,N.A,-,-,Adidas
Belgium,4,Adidas,FW,9,"May 13, 1993",Inter,Romelu Lukaku,2,0,0,1.70,0.00,0.00,5.10,-,-,Nike
Cameroon,33,One All Sports,GK,23,"Apr 2, 1996",Inter,Andre Onana,1,-,-,-,-,-,-,66.67%,0%,Adidas
Cameroon,33,One All Sports,GK,16,"Feb 2, 1993",Abha,Davis Epassy,2,-,-,-,-,-,-,75%,50%,Lotto
Cameroon,33,One All Sports,GK,1,"Apr 12, 1993",Marseille,Simon Ngapandouetnbu,0,-,-,-,-,-,-,-,-,Puma
Cameroon,33,One All Sports,DF,24,"Mar 11, 1999",Udinese,Enzo Ebosse,1,0,0,0.00,0.00,4.00,N.A,-,-,Adidas
Cameroon,33,One All Sports,DF,19,"Aug 13, 1992",Al-Tai,Collins Fai,3,0,0,0.33,1.33,1.00,3.10,-,-,Nike
Cameroon,33,One All Sports,DF,17,"Aug 15, 1997",Philadelphia Union,Olivier Mbaizo,N.A,N.A,N.A,N.A,N.A,N.A,N.A,-,-,Adidas
Cameroon,33,One All Sports,DF,21,"Jan 26, 1995",Nantes,Jean Charles Castelletto,2,1,1,0.00,3.00,1.50,6.00,-,-,
Cameroon,33,One All Sports,DF,25,"Jun 23, 1997",Seattle Sounders,Nouhou Tolo,3,0,0,1.67,2.00,3.00,6.33,-,-,Adidas
Cameroon,33,One All Sports,DF,4,"Sept 18, 2001",Rennes,Christopher Wooh,1,0,0,0.00,1.00,2.00,2.00,-,-,Puma
Cameroon,33,One All Sports,MF,22,"Feb 9, 1996",Swansea City,Olivier Ntcham,1,0,0,1.00,0.00,0.00,4.09,-,-,Nike
Cameroon,33,One All Sports,MF,5,"Nov 4, 1995",Hannover,Gael Ondoua,2,0,0,0.00,4.00,4.00,10.00,-,-,Puma
Cameroon,33,One All Sports,MF,15,"Jul 26, 1995",Olympiacos,Pierre Kunde,2,0,0,0.00,2.67,2.67,4.67,-,-,Nike
Cameroon,33,One All Sports,MF,14,"Dec 14, 1997",Mechelen,Samuel Gouet,2,0,0,0.00,0.00,0.91,3.64,-,-,Puma
Cameroon,33,One All Sports,MF,8,"Nov 16, 1995",Napoli,Andre-Frank Zambo Anguissa,3,0,0,1.38,1.72,1.38,6.55,-,-,Adidas
Cameroon,33,One All Sports,MF,2,"Sept 30, 1998",San Diego Loyal SC,Jerome Ngom,N.A,N.A,N.A,N.A,N.A,N.A,N.A,-,-,Nike
Cameroon,33,One All Sports,FW,6,"Jul 9, 1994",Dynamo Moscow,Moumi Ngamaleu,2,0,0,2.84,0.00,2.84,9.47,-,-,Nike
Cameroon,33,One All Sports,FW,11,"Oct 18, 1995",Shanghai Shenhua,Christian Bassogog,1,0,0,4.00,3.91,0.00,N.A,-,-,Nike
Cameroon,33,One All Sports,FW,20,"Aug 7, 1995",Brentford,Bryan Mbeumo,N.A,N.A,N.A,N.A,N.A,N.A,N.A,-,-,Nike
Cameroon,33,One All Sports,FW,7,"Feb 13, 1995",Besiktas,Georges-Kevin Nkoudou,2,0,0,1.00,0.00,0.00,3.60,-,-,Nike
Cameroon,33,One All Sports,FW,9,"May 1, 1993",Young Boys,Jean-Pierre Nsame,N.A,N.A,N.A,N.A,N.A,N.A,N.A,-,-,Nike
Cameroon,33,One All Sports,FW,10,"Jan 22, 1992",Al-Nassr,Vincent Aboubakar,3,2,1,3.83,0.00,0.00,6.39,-,-,Nike
Cameroon,33,One All Sports,FW,12,"Sep 14, 1992",Lyon,Karl Toko Ekambi,3,0,0,2.16,0.54,0.54,3.77,-,-,Nike
Cameroon,33,One All Sports,FW,13,"Mar 23, 1989",Bayern Munich,Eric Maxim Choupo-Moting,3,1,0,2.48,0.35,1.42,10.63,-,-,Puma
Cameroon,33,One All Sports,FW,26,"Dec 3, 2000",Coton Sport de Garoua,Souaibou Marou,N.A,N.A,N.A,N.A,N.A,N.A,N.A,-,-,Nike
Serbia,29,Puma,GK,1,"January 24, 1992",Sevilla,Marko Dmitrovic,0,-,-,-,-,-,-,-,-,Nike
Serbia,29,Puma,GK,23,"February 20, 1997",Torino,Vanja Milinkovic-Savic,3,,,,,,,65.22%,0%,Nike
Serbia,29,Puma,DF,13,"May 22, 1990",Getafe,Stefan Mitrovic,0,-,-,-,-,-,-,-,-,Nike
Serbia,29,Puma,DF,25,"August 15, 1991",Legia Warsaw,Filip Mladenovic,1,0,0,2.73,0.00,0.00,2.72,-,-,Adidas
Serbia,29,Puma,DF,2,"May 24, 2001",Salzburg,Strahinja Pavlovic,3,1,0,0.38,0.38,3.05,14.11,-,-,Puma
Serbia,29,Puma,DF,5,"September 26, 1995",Werder Bremen,Milos Veljkovic,3,0,0,0.00,0.00,1.21,2.83,-,-,Nike
Serbia,29,Puma,DF,3,"January 22, 2001",Red Star Belgrade,Strahinja Erakovic,N.A,N.A,N.A,N.A,N.A,N.A,N.A,-,-,Puma
Serbia,29,Puma,DF,16,"April 22, 1996",Almeria,Srdan Babic,1,0,0,0.00,0.00,7.50,7.50,-,-,Nike
Serbia,29,Puma,DF,4,"October 12, 1997",Fiorentina,Nikola Milenkovic,3,0,0,0.00,1.67,3.33,8.00,-,-,Puma
Serbia,29,Puma,MF,8,"November 16, 1991",Sevilla,Nemanja Gudelj,2,0,0,0.00,0.98,1.96,3.91,-,-,Nike
Serbia,29,Puma,MF,17,"November 1, 1992",Juventus,Filip Kostic,2,0,0,1.00,0.00,3.00,3.50,-,-,Nike
Serbia,29,Puma,MF,6,"January 26, 1995",Getafe,Nemanja Maksimovic,3,0,0,0.00,2.27,2.27,3.03,-,-,Puma
Serbia,29,Puma,MF,20,"February 27, 1995",Lazio,Sergej Milinkovic-Savic,3,1,0,1.91,0.76,1.91,6.86,-,-,Nike
Serbia,29,Puma,MF,16,"August 13, 1996",Torino,Sasa Lukic,3,0,0,0.37,0.37,0.73,2.30,-,-,Nike
Serbia,29,Puma,MF,14,"July 11, 1996",PAOK,Andrija Zivkovic,3,0,2,0.42,1.27,2.11,5.50,-,-,Adidas
Serbia,29,Puma,MF,19,"March 17, 1998",Braga,Uros Racic,N.A,N.A,N.A,N.A,N.A,N.A,N.A,-,-,Adidas
Serbia,29,Puma,MF,24,"March 17, 2001",Verona,Ivan Ilic,1,0,0,0.00,2.73,0.00,5.46,-,-,Nike
Serbia,29,Puma,MF,22,"September 15, 1990",Verona,Darko Lazovic,1,0,0,0.00,0.00,0.00,3.75,-,-,Adidas
Serbia,29,Puma,MF,26,"April 13, 1996",Porto,Marko Grujic,1,0,0,1.00,0.00,7.50,N.A,-,-,Nike
Serbia,29,Puma,FW,9,"September 16, 1994",Fulham,Aleksandr Mitrovic,3,2,0,0.34,0.00,0.34,4.45,-,-,Puma
Serbia,29,Puma,FW,18,"January 28, 2000",Juventus,Dusan Vlahovic,2,1,0,1.14,0.00,1.14,7.98,-,-,Nike
Serbia,29,Puma,FW,7,"February 15, 1996",Torino,Nemanja Radonjic,3,0,0,3.16,0.00,0.00,3.16,-,-,Nike
Serbia,29,Puma,FW,21,"January 30, 1992",Sampdoria,Filip Duricic,2,0,0,0.00,0.00,0.00,N.A,-,-,Adidas
Serbia,29,Puma,FW,10,"November 20, 1988",Ajax,Dusan Tadic,3,0,2,2.09,0.35,1.40,3.84,-,-,Nike
Ghana,58,Puma,GK,16,"Feb 8, 1999",Eupen,Manaf Nurudeen,0,-,-,-,-,-,-,-,-,Nike
Ghana,58,Puma,GK,12,"Dec 2, 2002",Asante Kotoko,Danlad Ibrahim,0,-,-,-,-,-,-,-,-,Nike
Ghana,58,Puma,GK,1,"Nov 29, 1996",St. Gellen,Lawrence Ati Zigi,3,-,-,-,-,-,-,58.82%,0%,Adidas
Ghana,58,Puma,DF,3,"May 27, 1988",Club Brugge,Denis Odoi,1,0,0,0.58,0.00,7.50,7.50,-,-,Lotto
Ghana,58,Puma,DF,2,"September 30, 2000",Brighton,Tariq Lamptey,2,0,0,1.76,0.88,3.53,5.29,-,-,Adidas
Ghana,58,Puma,DF,26,"Jun 4, 2000",Clermont,Alidu Seidu,2,0,0,2.31,0.00,3.46,9.81,-,-,Puma
Ghana,58,Puma,DF,18,"Dec 21, 1994",Leicester City,Daniel Amartey,3,0,0,0.33,1.00,2.00,6.00,-,-,Adidas
Ghana,58,Puma,DF,15,"Sep 29, 1995",Celta Vigo,Joseph Aidoo,N.A,N.A,N.A,N.A,N.A,N.A,N.A,-,-,Puma
Ghana,58,Puma,DF,23,"Aug 9, 1994",Strasbourg,Alexander Djiku,2,0,0,0.00,0.93,0.93,6.50,-,-,Nike
Ghana,58,Puma,DF,4,"Apr 17, 1999",Southampton,Mohammed Salisu,3,1,0,0.00,1.00,0.67,6.34,-,-,Nike
Ghana,58,Puma,DF,17,"Jul 2, 1994",Reading,Abdul-Rahman Baba,3,0,0,1.98,0.49,2.47,6.93,-,-,New Balance
Ghana,58,Puma,DF,14,"Jul 18, 1998",Auxerre,Gideon Mensah,1,0,0,0.00,2.05,1.02,9.20,-,-,Adidas
Ghana,58,Puma,MF,10,"Dec 17, 1989",Al-Sadd,Andre Ayew,3,1,0,0.45,0.00,1.79,7.61,-,-,Nike
Ghana,58,Puma,MF,5,"Jun 13, 1993",Arsenal,Thomas Partey,3,0,0,0.67,0.00,3.00,8.33,-,-,Adidas
Ghana,58,Puma,MF,6,"Nov 7, 1997",Gent,Elisha Owusu,N.A,N.A,N.A,N.A,N.A,N.A,N.A,-,-,Nike
Ghana,58,Puma,MF,21,"Mar 26, 2000",Lens,Salis Abdul Samed,3,0,0,1.07,1.43,0.71,2.50,-,-,Adidas
Ghana,58,Puma,MF,20,"Aug 2, 2000",Ajax,Mohammed Kudus,3,2,0,4.34,0.36,1.81,6.51,-,-,Puma
Ghana,58,Puma,MF,8,"Mar 9, 1996",SC Freiburg,Daniel Kofi Kyereh,3,0,0,2.00,0.00,6.00,N.A,-,-,Nike
Ghana,58,Puma,FW,13,"Jun 26, 2001",Hearts of Oak,Daniel Barnieh Afriyie,N.A,N.A,N.A,N.A,N.A,N.A,N.A,-,-,Puma
Ghana,58,Puma,FW,24,"Jan 9, 2000",Club Brugge,Kamal Sowah,N.A,N.A,N.A,N.A,N.A,N.A,N.A,-,-,Puma
Ghana,58,Puma,FW,7,"Mar 8, 2004",Sporting CP,Issahaku Abdul Fatawu,N.A,N.A,N.A,N.A,N.A,N.A,N.A,-,-,Nike
Ghana,58,Puma,FW,11,"Dec 13, 1998",Red Star Belgrade,Osman Bukari,2,1,0,2.00,0.00,1.55,3.10,-,-,Nike
Ghana,58,Puma,FW,19,"Jun 15, 1994",Athletic Club,Inaki Williams,3,0,1,36.00,0.00,1.07,3.57,-,-,Nike
Ghana,58,Puma,FW,25,"Jan 7, 2000",Bristol City,Antoine Semenyo,2,0,0,0.00,0.00,0.00,10.00,-,-,Adidas
Ghana,58,Puma,FW,9,"Sep 11, 1991",Crystal Palace,Jordan Ayew,3,0,1,2.63,0.66,1.97,5.91,-,-,Puma
Ghana,58,Puma,FW,22,"Feb 15, 2002",Rennes,Kamaldeen Sulemana,N.A,N.A,N.A,N.A,N.A,N.A,N.A,-,-,Nike
Uruguay,16,Puma,GK,1,"June 16, 1986",Galatasaray,Fernando Muslera,N.A,N.A,N.A,N.A,N.A,N.A,N.A,N.A,N.A,Puma
Uruguay,16,Puma,GK,23,"March 23, 1993",Nacional,Sergio Rochet,N.A,N.A,N.A,N.A,N.A,N.A,N.A,N.A,N.A,Nike
Uruguay,16,Puma,GK,12,"August 19, 1986",Independiente,Sebastian Sosa,N.A,N.A,N.A,N.A,N.A,N.A,N.A,N.A,N.A,Nike
Uruguay,16,Puma,DF,4,"March 7, 1999",Barcelona,Ronald Araujo,N.A,N.A,N.A,N.A,N.A,N.A,N.A,-,-,Nike
Uruguay,16,Puma,DF,22,"April 7, 1987",La Galaxy,Martin Caceres,1,0,0,1.00,0.00,0.00,3.00,-,-,Nike
Uruguay,16,Puma,DF,19,"October 7, 1990",Sporting CP,Sebastian Coates,2,0,0,0.00,0.50,0.50,7.50,-,-,Nike
Uruguay,16,Puma,DF,2,"January 20, 1995",Atletico Madrid,Jose Maria Gimenez,3,0,0,0.00,2.33,1.33,7.00,-,-,Nike
Uruguay,16,Puma,DF,3,"February 16, 1986",Velez Sarsfield,Diego Godin,N.A,N.A,N.A,N.A,N.A,N.A,N.A,-,-,Puma
Uruguay,16,Puma,DF,16,"October 31, 1997",Napoli,Mathias Olivera,3,0,0,0.71,0.71,3.18,8.47,-,-,Nike
Uruguay,16,Puma,DF,26,"March 14, 1997",Nacional,Jose Luis Rodriguez,N.A,N.A,N.A,N.A,N.A,N.A,N.A,-,-,Puma
Uruguay,16,Puma,DF,17,"November 9, 1997",Roma,Matias Vina,N.A,N.A,N.A,N.A,N.A,N.A,N.A,-,-,Nike
Uruguay,16,Puma,DF,13,"March 24, 1993",Flamengo,Guillermo Varela,3,0,0,0.99,1.48,1.98,6.92,-,-,Nike
Uruguay,16,Puma,MF,5,"August 24, 1991",Lazio,Matias Vecino,3,0,0,0.00,1.37,1.83,4.57,-,-,Nike
Uruguay,16,Puma,MF,7,"June 1, 1997",River Plate,Nicol√°s de la Cruz,2,0,0,0.50,0.00,0.00,5.14,-,-,Nike
Uruguay,16,Puma,MF,6,"June 25, 1997",Tottenham Hotspur,Rodrigo Bentancur,3,0,0,2.10,2.94,3.79,11.35,-,-,Adidas
Uruguay,16,Puma,MF,15,"July 22, 1998",Real Madrid,Federico Valverde,3,0,0,1.00,1.67,1.67,3.33,-,-,Nike
Uruguay,16,Puma,MF,10,"June 1, 1994",Flamengo,Giorgian de Arrascaeta,N.A,N.A,N.A,N.A,N.A,N.A,N.A,-,-,Nike
Uruguay,16,Puma,MF,14,"February 11, 1996",Galatasaray,Lucas Torreira,N.A,N.A,N.A,N.A,N.A,N.A,N.A,-,-,Adidas
Uruguay,16,Puma,MF,20,"April 13, 2000",Orlando City ,Facundo Torres,N.A,N.A,N.A,N.A,N.A,N.A,N.A,-,-,Nike
Uruguay,16,Puma,MF,25,"April 11, 2001",Sporting CP,Manuel Ugarte,N.A,N.A,N.A,N.A,N.A,N.A,N.A,-,-,Adidas
Uruguay,16,Puma,FW,9,"January 24, 1987",Nacional,Luis Suarez,N.A,N.A,N.A,N.A,N.A,N.A,N.A,-,-,Puma
Uruguay,16,Puma,FW,21,"February 14, 1987",Valencia,Edinson Cavani,3,0,0,0.00,0.00,0.00,1.48,-,-,Nike
Uruguay,16,Puma,FW,18,"August 14, 1996",Trabzonspor,Maxi Gomez,2,0,0,0.00,0.00,0.00,N.A,-,-,Adidas
Uruguay,16,Puma,FW,11,"June 24, 1999",Liverpool,Darwin Nunez,3,0,0,0.74,0.00,1.12,5.95,-,-,Nike
Uruguay,16,Puma,FW,8,"December 20, 2001",Manchester United,Facundo Pellistri,3,0,0,2.97,0.00,0.99,1.98,-,-,Nike
Uruguay,16,Puma,FW,24,"October 1, 1998",Athletico Paranaense,Agustin Canobbio,N.A,N.A,N.A,N.A,N.A,N.A,N.A,-,-,Nike
Canada,53,Nike,GK,16,"Feb 21, 1997",CF Montreal ,James Paternis,0,-,-,-,-,-,-,-,-,Adidas
Canada,53,Nike,GK,18,"Oct 23, 1987",Red Star Belgrade,Milan Borjan,3,-,-,-,-,-,-,53.33%,0%,Nike
Canada,53,Nike,GK,1,"May 9, 1997",Minnesota United,Dayne St Clair,0,-,-,-,-,-,-,-,-,Adidas
Canada,53,Nike,DF,2,"Oct 8, 1998",Celtic,Alistair Johnson,3,0,0,0.33,0.67,1.33,4.67,-,-,Adidas
Canada,53,Nike,DF,3,"Jan 16, 1995",Hatayspor,Sam Adekugbe,3,0,0,0.95,0.95,0.00,4.73,-,-,Adidas
Canada,53,Nike,DF,4,"May 16, 1997",Montreal Impact,Kamal Miller,3,0,0,0.67,1.00,2.00,7.33,-,-,Nike
Canada,53,Nike,DF,5,"Jan 11, 1987",GD Chaves,Steven Vit√≥ria,3,0,0,0.00,0.00,1.33,5.66,-,-,Nike
Canada,53,Nike,DF,22,"Jan 7, 1995",Toronto,Richie Laryea,3,0,0,2.00,0.00,1.68,3.91,-,-,Nike
Canada,53,Nike,DF,25,"Nov 25, 1997",Panaitolikos,Derek Cornelius,N.A,N.A,N.A,N.A,N.A,N.A,N.A,-,-,Nike
Canada,53,Nike,DF,26,"Jan 24, 1996",Montreal Impact,Joel Waterman,N.A,N.A,N.A,N.A,N.A,N.A,N.A,-,-,Nike
Canada,53,Nike,MF,6,"Nov 12, 1994",Montreal Impact,Samuel Piette,N.A,N.A,N.A,N.A,N.A,N.A,N.A,-,-,Adidas
Canada,53,Nike,MF,7,"Dec 21, 1996",Porto,Stephen Eustaquio,2,0,0,0.71,1.42,2.83,5.67,-,-,Nike
Canada,53,Nike,MF,13,"Feb 8, 1983",Besiktas,Atiba Hutchinson,3,0,0,0.56,0.56,2.25,9.56,-,-,Nike
Canada,53,Nike,MF,14,"Dec 4, 1994",Toronto,Mark-Anthony Kaye,1,0,0,0.00,0.00,3.00,4.50,-,-,Adidas
Canada,53,Nike,MF,21,"Jun 12, 1992",Toronto,Jonathan Osorio,N.A,N.A,N.A,N.A,N.A,N.A,N.A,-,-,Nike
Canada,53,Nike,MF,24,"Jan 16, 1990",St. Johnstone,David Wotherspoon,1,0,0,1.00,0.00,0.00,N.A,-,-,Nike
Canada,53,Nike,MF,8,"Feb 13, 1998",KMSK Deinze,Liam Fraser,N.A,N.A,N.A,N.A,N.A,N.A,N.A,-,-,Adidas
Canada,53,Nike,MF,15,"Jun 6, 2002",Watford,Ismael Kone,3,0,0,0.00,0.00,0.00,0.86,-,-,Nike
Canada,53,Nike,FW,9,"Dec 28, 1992",Vancouver Whitecaps,Lucas Cavallini,1,0,0,0.00,0.00,0.00,0.00,-,-,Nike
Canada,53,Nike,FW,10,"Jun 5, 1990",Reading,Junior Hoilett,3,0,0,1.33,0.56,4.44,8.33,-,-,Nike
Canada,53,Nike,FW,11,"Feb 8, 1999",Club Brugge,Tajon Buchanan,3,0,1,6.21,1.03,0.34,5.17,-,-,Adidas
Canada,53,Nike,FW,17,"Apr 17, 1995",Club Brugge,Cyle Larin,3,0,0,1.33,0.00,0.00,1.95,-,-,Nike
Canada,53,Nike,FW,19,"Nov 2, 2000",Bayern Munich,Alphonso Davies,3,1,0,6.00,1.00,0.67,6.67,-,-,Nike
Canada,53,Nike,FW,20,"Jan 14, 2000",Lille,Jonathan David,3,0,0,1.41,0.00,0.47,1.88,-,-,Adidas
Canada,53,Nike,FW,23,"Sep 27, 1999",Basel,Liam Millar,1,0,0,0.00,0.00,0.00,0.00,-,-,Adidas
Canada,53,Nike,FW,12,"Sep 21, 1998",Troyes,Ike Ugbo,N.A,N.A,N.A,N.A,N.A,N.A,N.A,-,-,Nike